38191873, 0, 0, 1, 0, 0.0, 0.07692307692307693, 0.9230769230769231, 0.0, 0.5, 0, 1
38191874, 0, 0, 1, 0, 0.0, 0.0, 1.0, 0.0, 0.5, 0, 1
38191875, 1, 0, 0, 0, 1.0, 0.0, 0.0, 0.0, 0.5, 0, 1
38191876, 0, 0, 0, 1, 0.0, 0.0, 0.0, 1.0, 0.5, 0, 1
38191879, 0, 1, 0, 0, 0.0, 1.0, 0.0, 0.0, 0.5, 0, 1
38191887, 1, 0, 0, 0, 1.0, 0.0, 0.0, 0.0, 0.4642857142857143, 0, 1
38191890, 0, 0, 1, 0, 0.06666666666666667, 0.0, 0.9333333333333333, 0.0, 0.5, 0, 1
38191897, 0, 1, 0, 0, 0.0, 0.0, 0.0, 1.0, 0.5, 1, 0
38191898, 0, 0, 0, 1, 0.0, 0.0, 0.0, 1.0, 0.47058823529411764, 0, 1
38191899, 0, 1, 0, 0, 0.0, 1.0, 0.0, 0.0, 0.47058823529411764, 0, 1
38191900, 1, 0, 0, 0, 1.0, 0.0, 0.0, 0.0, 0.47058823529411764, 0, 1
38191901, 1, 0, 0, 0, 0.9375, 0.0625, 0.0, 0.0, 0.47058823529411764, 0, 1
38191903, 1, 0, 0, 0, 1.0, 0.0, 0.0, 0.0, 0.4117647058823529, 0, 1
38191904, 0, 0, 0, 1, 0.0, 0.0, 0.0, 1.0, 0.4117647058823529, 0, 1
38191905, 1, 0, 0, 0, 1.0, 0.0, 0.0, 0.0, 0.35294117647058826, 0, 1
38191906, 0, 0, 1, 0, 0.0, 0.0, 1.0, 0.0, 0.35294117647058826, 0, 1
38191907, 0, 0, 0, 1, 0.0, 0.0, 0.0, 1.0, 0.38235294117647056, 0, 1
38191908, 1, 0, 0, 0, 0.8571428571428571, 0.0, 0.07142857142857142, 0.07142857142857142, 0.4117647058823529, 0, 1
38191909, 0, 1, 0, 0, 0.07142857142857142, 0.9285714285714286, 0.0, 0.0, 0.4117647058823529, 0, 1
38191911, 0, 1, 0, 0, 0.0, 0.9230769230769231, 0.0, 0.07692307692307693, 0.38235294117647056, 0, 1
38191912, 0, 0, 1, 0, 0.0, 0.0, 1.0, 0.0, 0.38235294117647056, 0, 1
38191913, 0, 1, 0, 0, 0.0, 1.0, 0.0, 0.0, 0.38235294117647056, 0, 1
38191914, 0, 1, 0, 0, 0.08333333333333333, 0.9166666666666666, 0.0, 0.0, 0.35294117647058826, 0, 1
38191917, 1, 0, 0, 0, 1.0, 0.0, 0.0, 0.0, 0.38235294117647056, 0, 1
38191918, 0, 0, 0, 1, 0.0, 0.0, 0.0, 1.0, 0.35294117647058826, 0, 1
38191921, 1, 0, 0, 0, 1.0, 0.0, 0.0, 0.0, 0.3235294117647059, 0, 1
38191923, 1, 0, 0, 0, 0.9166666666666666, 0.0, 0.08333333333333333, 0.0, 0.35294117647058826, 0, 1
37796266, 0, 0, 1, 0, 0.0, 0.0, 1.0, 0.0, 0.2647058823529412, 0, 1
37796267, 1, 0, 0, 0, 1.0, 0.0, 0.0, 0.0, 0.23529411764705882, 0, 1
37796268, 1, 0, 0, 0, 1.0, 0.0, 0.0, 0.0, 0.20588235294117646, 0, 1
37796269, 1, 0, 0, 0, 1.0, 0.0, 0.0, 0.0, 0.17647058823529413, 0, 1
37796270, 0, 1, 0, 0, 0.0, 1.0, 0.0, 0.0, 0.20588235294117646, 0, 1
37796271, 0, 0, 1, 0, 0.0, 0.0, 1.0, 0.0, 0.17647058823529413, 0, 1
37796272, 0, 1, 0, 0, 0.0, 1.0, 0.0, 0.0, 0.17647058823529413, 0, 1
37796276, 0, 1, 0, 0, 0.0, 1.0, 0.0, 0.0, 0.14705882352941177, 0, 1
37796279, 0, 0, 0, 1, 0.0, 0.0, 0.0, 1.0, 0.14705882352941177, 0, 1
37796281, 0, 0, 1, 0, 0.0, 0.0, 1.0, 0.0, 0.14705882352941177, 0, 1
37796282, 0, 0, 1, 0, 0.0, 0.2, 0.8, 0.0, 0.14705882352941177, 0, 1
37796285, 1, 0, 0, 0, 1.0, 0.0, 0.0, 0.0, 0.14705882352941177, 0, 1
37796290, 0, 0, 0, 1, 0.0, 1.0, 0.0, 0.0, 0.17647058823529413, 1, 0
37796301, 0, 1, 0, 0, 0.0, 1.0, 0.0, 0.0, 0.23529411764705882, 0, 1
37796302, 0, 0, 0, 1, 0.0, 0.0, 0.0, 1.0, 0.23529411764705882, 0, 1
37796304, 0, 0, 1, 0, 0.0, 0.0, 1.0, 0.0, 0.23529411764705882, 0, 1
37796305, 0, 1, 0, 0, 0.0, 1.0, 0.0, 0.0, 0.2647058823529412, 0, 1
37796306, 0, 0, 0, 1, 0.1111111111111111, 0.0, 0.0, 0.8888888888888888, 0.2647058823529412, 0, 1
37796307, 1, 0, 0, 0, 1.0, 0.0, 0.0, 0.0, 0.2647058823529412, 0, 1
37796308, 0, 0, 0, 1, 0.0, 0.1111111111111111, 0.0, 0.8888888888888888, 0.2647058823529412, 0, 1
37796309, 0, 0, 1, 0, 0.0, 0.0, 0.9, 0.1, 0.29411764705882354, 0, 1
37796311, 0, 1, 0, 0, 0.0, 0.9090909090909091, 0.09090909090909091, 0.0, 0.3235294117647059, 0, 1
37796312, 0, 1, 0, 0, 0.0, 1.0, 0.0, 0.0, 0.3235294117647059, 0, 1
37796313, 0, 0, 0, 1, 0.0, 0.0, 0.0, 1.0, 0.3235294117647059, 0, 1
37796314, 0, 1, 0, 0, 0.0, 0.9090909090909091, 0.0, 0.09090909090909091, 0.3235294117647059, 0, 1
47871833, 0, 1, 0, 0, 0.09090909090909091, 0.9090909090909091, 0.0, 0.0, 0.3235294117647059, 0, 1
47871836, 1, 0, 0, 0, 1.0, 0.0, 0.0, 0.0, 0.29411764705882354, 0, 1
47871837, 0, 0, 1, 0, 0.0, 0.0, 1.0, 0.0, 0.29411764705882354, 0, 1
47871838, 0, 0, 1, 0, 0.0, 0.1111111111111111, 0.8888888888888888, 0.0, 0.2647058823529412, 0, 1
47871839, 1, 0, 0, 0, 0.8888888888888888, 0.0, 0.0, 0.1111111111111111, 0.2647058823529412, 0, 1
47871840, 0, 1, 0, 0, 0.1111111111111111, 0.8888888888888888, 0.0, 0.0, 0.2647058823529412, 0, 1
47871845, 0, 0, 1, 0, 0.0, 0.0, 1.0, 0.0, 0.3235294117647059, 0, 1
47871849, 0, 1, 0, 0, 0.125, 0.875, 0.0, 0.0, 0.23529411764705882, 0, 1
47871856, 0, 0, 0, 1, 0.0, 0.0, 0.125, 0.875, 0.23529411764705882, 0, 1
47871857, 1, 0, 0, 0, 0.14285714285714285, 0.0, 0.0, 0.8571428571428571, 0.20588235294117646, 1, 0
47871863, 0, 0, 0, 1, 0.0, 0.0, 0.16666666666666666, 0.8333333333333334, 0.17647058823529413, 0, 1
47871864, 0, 1, 0, 0, 0.0, 0.6666666666666666, 0.0, 0.3333333333333333, 0.17647058823529413, 0, 1
47871865, 0, 0, 0, 1, 0.0, 0.0, 0.0, 1.0, 0.17647058823529413, 0, 1
47871866, 0, 1, 0, 0, 0.16666666666666666, 0.8333333333333334, 0.0, 0.0, 0.17647058823529413, 0, 1
47871874, 1, 0, 0, 0, 1.0, 0.0, 0.0, 0.0, 0.11764705882352941, 0, 1
47871875, 1, 0, 0, 0, 1.0, 0.0, 0.0, 0.0, 0.08823529411764706, 0, 1
47871877, 0, 1, 0, 0, 0.0, 1.0, 0.0, 0.0, 0.08823529411764706, 0, 1
47871878, 0, 0, 1, 0, 0.0, 0.0, 1.0, 0.0, 0.08823529411764706, 0, 1
47871880, 0, 0, 1, 0, 0.0, 0.0, 1.0, 0.0, 0.11764705882352941, 0, 1
47871881, 0, 0, 1, 0, 0.0, 0.0, 0.75, 0.25, 0.11764705882352941, 0, 1
30848961, 0, 0, 0, 1, 0.14285714285714285, 0.0, 0.0, 0.8571428571428571, 0.20588235294117646, 0, 1
30848963, 0, 0, 0, 1, 0.0, 0.0, 0.0, 1.0, 0.20588235294117646, 0, 1
30848964, 0, 0, 1, 0, 0.0, 0.0, 1.0, 0.0, 0.20588235294117646, 0, 1
30848984, 0, 1, 0, 0, 0.0, 0.0, 1.0, 0.0, 0.20588235294117646, 1, 0
30848985, 0, 0, 1, 0, 0.14285714285714285, 0.0, 0.8571428571428571, 0.0, 0.20588235294117646, 0, 1
30848989, 0, 1, 0, 0, 0.0, 0.875, 0.0, 0.125, 0.23529411764705882, 0, 1
30848990, 0, 1, 0, 0, 0.0, 0.8571428571428571, 0.14285714285714285, 0.0, 0.20588235294117646, 0, 1
30848996, 0, 0, 0, 1, 0.0, 0.16666666666666666, 0.0, 0.8333333333333334, 0.17647058823529413, 0, 1
30849001, 0, 1, 0, 0, 0.0, 1.0, 0.0, 0.0, 0.29411764705882354, 0, 1
30849002, 0, 0, 1, 0, 0.1, 0.0, 0.9, 0.0, 0.29411764705882354, 0, 1
30849004, 0, 1, 0, 0, 0.1, 0.9, 0.0, 0.0, 0.29411764705882354, 0, 1
30849006, 0, 1, 0, 0, 0.0, 0.8888888888888888, 0.1111111111111111, 0.0, 0.2647058823529412, 0, 1
30849008, 0, 0, 1, 0, 0.1111111111111111, 0.0, 0.8888888888888888, 0.0, 0.2647058823529412, 0, 1
30849009, 0, 1, 0, 0, 0.0, 0.8888888888888888, 0.0, 0.1111111111111111, 0.2647058823529412, 0, 1
33690210, 1, 0, 0, 0, 0.9090909090909091, 0.0, 0.09090909090909091, 0.0, 0.3235294117647059, 0, 1
33690211, 0, 0, 0, 1, 0.0, 0.0, 0.0, 1.0, 0.29411764705882354, 0, 1
33690222, 0, 0, 1, 0, 0.1, 0.1, 0.8, 0.0, 0.29411764705882354, 0, 1
33690223, 0, 1, 0, 0, 0.0, 1.0, 0.0, 0.0, 0.35294117647058826, 0, 1
33690226, 0, 0, 1, 0, 0.08333333333333333, 0.0, 0.9166666666666666, 0.0, 0.35294117647058826, 0, 1
33690228, 0, 0, 0, 1, 0.08333333333333333, 0.0, 0.0, 0.9166666666666666, 0.35294117647058826, 0, 1
33690233, 0, 1, 0, 0, 0.0, 0.9230769230769231, 0.07692307692307693, 0.0, 0.38235294117647056, 0, 1
33690234, 0, 0, 1, 0, 0.07692307692307693, 0.9230769230769231, 0.0, 0.0, 0.38235294117647056, 1, 0
33690240, 0, 0, 0, 1, 0.0, 0.0, 0.07142857142857142, 0.9285714285714286, 0.4117647058823529, 0, 1
33690242, 1, 0, 0, 0, 0.9285714285714286, 0.07142857142857142, 0.0, 0.0, 0.4117647058823529, 0, 1
33690247, 1, 0, 0, 0, 0.9166666666666666, 0.0, 0.0, 0.08333333333333333, 0.35294117647058826, 0, 1
33690249, 1, 0, 0, 0, 0.9230769230769231, 0.0, 0.0, 0.07692307692307693, 0.38235294117647056, 0, 1
35545167, 0, 0, 1, 0, 0.0, 0.16666666666666666, 0.8333333333333334, 0.0, 0.17647058823529413, 0, 1
35545177, 0, 1, 0, 0, 0.0, 0.8333333333333334, 0.16666666666666666, 0.0, 0.17647058823529413, 0, 1
35545181, 1, 0, 0, 0, 0.8571428571428571, 0.0, 0.0, 0.14285714285714285, 0.20588235294117646, 0, 1
35545185, 0, 0, 0, 1, 0.6, 0.0, 0.4, 0.0, 0.14705882352941177, 1, 0
35545194, 0, 0, 0, 1, 0.0, 0.0, 0.14285714285714285, 0.8571428571428571, 0.20588235294117646, 0, 1
35545196, 1, 0, 0, 0, 0.8571428571428571, 0.0, 0.14285714285714285, 0.0, 0.20588235294117646, 0, 1
35545207, 0, 1, 0, 0, 0.0, 0.875, 0.125, 0.0, 0.23529411764705882, 0, 1
35545208, 0, 0, 0, 1, 0.0, 0.0, 0.0, 1.0, 0.2647058823529412, 0, 1
35201663, 1, 0, 0, 0, 0.9090909090909091, 0.09090909090909091, 0.0, 0.0, 0.3235294117647059, 0, 1
35201667, 0, 0, 1, 0, 0.0, 0.09090909090909091, 0.9090909090909091, 0.0, 0.3235294117647059, 0, 1
35201673, 0, 1, 0, 0, 0.0, 0.9166666666666666, 0.0, 0.08333333333333333, 0.35294117647058826, 0, 1
35201676, 0, 0, 1, 0, 0.0, 0.0, 0.9090909090909091, 0.09090909090909091, 0.3235294117647059, 0, 1
35201683, 0, 0, 1, 0, 0.125, 0.0, 0.875, 0.0, 0.23529411764705882, 0, 1
35201685, 0, 0, 1, 0, 0.0, 0.0, 0.0, 1.0, 0.23529411764705882, 1, 0
35201694, 0, 0, 1, 0, 0.25, 0.0, 0.75, 0.0, 0.23529411764705882, 0, 1
35201703, 1, 0, 0, 0, 0.875, 0.0, 0.0, 0.125, 0.23529411764705882, 0, 1
35201704, 0, 0, 1, 0, 0.0, 0.0, 0.875, 0.125, 0.23529411764705882, 0, 1
34598180, 1, 0, 0, 0, 0.8888888888888888, 0.0, 0.1111111111111111, 0.0, 0.2647058823529412, 0, 1
34598211, 0, 0, 0, 1, 0.0, 0.125, 0.0, 0.875, 0.23529411764705882, 0, 1
18307623, 1, 0, 0, 0, 0.875, 0.125, 0.0, 0.0, 0.23529411764705882, 0, 1
18307642, 1, 0, 0, 0, 0.8888888888888888, 0.1111111111111111, 0.0, 0.0, 0.2647058823529412, 0, 1
18307647, 1, 0, 0, 0, 0.0, 1.0, 0.0, 0.0, 0.2647058823529412, 1, 0
18307655, 0, 0, 1, 0, 0.0, 0.0, 0.8888888888888888, 0.1111111111111111, 0.2647058823529412, 0, 1
18307659, 1, 0, 0, 0, 0.8, 0.1, 0.0, 0.1, 0.29411764705882354, 0, 1
18307668, 0, 0, 0, 1, 0.1, 0.0, 0.0, 0.9, 0.29411764705882354, 0, 1
14785507, 1, 0, 0, 0, 0.9230769230769231, 0.0, 0.07692307692307693, 0.0, 0.38235294117647056, 0, 1
14785514, 0, 0, 0, 1, 0.0, 0.0, 0.09090909090909091, 0.9090909090909091, 0.3235294117647059, 0, 1
14785516, 0, 0, 1, 0, 0.0, 0.0, 0.9166666666666666, 0.08333333333333333, 0.35294117647058826, 0, 1
14785527, 0, 0, 0, 1, 0.0, 0.0, 0.1111111111111111, 0.8888888888888888, 0.2647058823529412, 0, 1
14785531, 0, 0, 0, 1, 0.0, 0.0, 1.0, 0.0, 0.2647058823529412, 1, 0
26165171, 1, 0, 0, 0, 0.75, 0.0, 0.25, 0.0, 0.23529411764705882, 0, 1
26165179, 0, 0, 0, 1, 0.0, 0.1, 0.0, 0.9, 0.29411764705882354, 0, 1
26165184, 0, 0, 1, 0, 0.09090909090909091, 0.0, 0.9090909090909091, 0.0, 0.3235294117647059, 0, 1
26165186, 1, 0, 0, 0, 0.9166666666666666, 0.08333333333333333, 0.0, 0.0, 0.35294117647058826, 0, 1
26165188, 1, 0, 0, 0, 1.0, 0.0, 0.0, 0.0, 0.4411764705882353, 0, 1
26165189, 0, 0, 1, 0, 0.0, 0.0, 1.0, 0.0, 0.4411764705882353, 0, 1
26165190, 0, 1, 0, 0, 0.0, 1.0, 0.0, 0.0, 0.4411764705882353, 0, 1
26165191, 0, 0, 1, 0, 0.0, 0.0625, 0.9375, 0.0, 0.47058823529411764, 0, 1
26165192, 0, 1, 0, 0, 0.0, 0.9411764705882353, 0.058823529411764705, 0.0, 0.5, 0, 1
26165193, 0, 1, 0, 0, 1.0, 0.0, 0.0, 0.0, 0.5, 1, 0
26165197, 0, 1, 0, 0, 0.0, 0.9444444444444444, 0.05555555555555555, 0.0, 0.5, 0, 1
26165198, 0, 0, 0, 1, 0.0, 0.05263157894736842, 0.05263157894736842, 0.8947368421052632, 0.5, 0, 1
26165199, 1, 0, 0, 0, 0.8947368421052632, 0.0, 0.05263157894736842, 0.05263157894736842, 0.5, 0, 1
26165200, 1, 0, 0, 0, 1.0, 0.0, 0.0, 0.0, 0.47368421052631576, 0, 1
26165206, 0, 0, 0, 1, 0.05555555555555555, 0.0, 0.0, 0.9444444444444444, 0.45, 0, 1
26165207, 0, 1, 0, 0, 0.05555555555555555, 0.9444444444444444, 0.0, 0.0, 0.45, 0, 1
26165208, 0, 1, 0, 0, 0.0, 1.0, 0.0, 0.0, 0.45, 0, 1
26165209, 0, 0, 1, 0, 0.0, 0.0, 1.0, 0.0, 0.45, 0, 1
26165210, 1, 0, 0, 0, 1.0, 0.0, 0.0, 0.0, 0.425, 0, 1
26165211, 0, 1, 0, 0, 0.0, 1.0, 0.0, 0.0, 0.425, 0, 1
26165212, 0, 0, 1, 0, 0.0, 0.0, 1.0, 0.0, 0.425, 0, 1
26165213, 0, 0, 0, 1, 0.0, 0.11764705882352941, 0.0, 0.8823529411764706, 0.425, 0, 1
26165214, 0, 0, 0, 1, 0.0, 0.0, 0.0, 1.0, 0.425, 0, 1
26165215, 1, 0, 0, 0, 0.9411764705882353, 0.058823529411764705, 0.0, 0.0, 0.425, 0, 1
26165217, 0, 0, 0, 1, 0.0, 0.058823529411764705, 0.058823529411764705, 0.8823529411764706, 0.425, 0, 1
26165218, 0, 1, 0, 0, 0.0, 0.9411764705882353, 0.058823529411764705, 0.0, 0.425, 0, 1
23632975, 0, 1, 0, 0, 0.0, 1.0, 0.0, 0.0, 0.2, 0, 1
23632976, 1, 0, 0, 0, 1.0, 0.0, 0.0, 0.0, 0.2, 0, 1
23632977, 1, 0, 0, 0, 1.0, 0.0, 0.0, 0.0, 0.175, 0, 1
23632978, 0, 1, 0, 0, 0.0, 0.8571428571428571, 0.14285714285714285, 0.0, 0.175, 0, 1
23632980, 0, 1, 0, 0, 0.0, 1.0, 0.0, 0.0, 0.175, 0, 1
23632981, 0, 0, 1, 0, 0.0, 0.0, 1.0, 0.0, 0.175, 0, 1
23632983, 0, 0, 0, 1, 0.0, 0.0, 0.16666666666666666, 0.8333333333333334, 0.15, 0, 1
23632984, 1, 0, 0, 0, 1.0, 0.0, 0.0, 0.0, 0.15, 0, 1
23632986, 0, 0, 1, 0, 0.0, 0.0, 0.875, 0.125, 0.2, 0, 1
23632988, 0, 0, 0, 1, 0.0, 0.0, 0.125, 0.875, 0.2, 0, 1
23632989, 1, 0, 0, 0, 1.0, 0.0, 0.0, 0.0, 0.25, 0, 1
23632990, 0, 0, 1, 0, 0.0, 0.0, 1.0, 0.0, 0.25, 0, 1
23632991, 0, 1, 0, 0, 0.0, 1.0, 0.0, 0.0, 0.275, 0, 1
23632993, 1, 0, 0, 0, 0.9166666666666666, 0.08333333333333333, 0.0, 0.0, 0.3, 0, 1
23632994, 1, 0, 0, 0, 1.0, 0.0, 0.0, 0.0, 0.3, 0, 1
23632995, 0, 1, 0, 0, 0.0, 1.0, 0.0, 0.0, 0.3, 0, 1
23632996, 1, 0, 0, 0, 0.9166666666666666, 0.0, 0.0, 0.08333333333333333, 0.3, 0, 1
23632998, 0, 0, 0, 1, 0.0, 0.0, 0.08333333333333333, 0.9166666666666666, 0.3, 0, 1
23632999, 0, 1, 0, 0, 0.0, 0.0, 1.0, 0.0, 0.3, 1, 0
23633000, 0, 0, 1, 0, 0.08333333333333333, 0.0, 0.9166666666666666, 0.0, 0.3, 0, 1
23633001, 0, 0, 1, 0, 0.0, 0.0, 1.0, 0.0, 0.3, 0, 1
23633007, 1, 0, 0, 0, 1.0, 0.0, 0.0, 0.0, 0.325, 0, 1
23633013, 0, 1, 0, 0, 0.0, 0.9166666666666666, 0.0, 0.08333333333333333, 0.3, 0, 1
23633017, 0, 0, 0, 1, 0.0, 0.0, 0.0, 1.0, 0.275, 0, 1
23633021, 0, 0, 0, 1, 0.0, 0.0, 0.0, 1.0, 0.3, 0, 1
23633025, 1, 0, 0, 0, 0.9166666666666666, 0.0, 0.08333333333333333, 0.0, 0.3, 0, 1
34887584, 1, 0, 0, 0, 0.8571428571428571, 0.14285714285714285, 0.0, 0.0, 0.175, 0, 1
34887585, 0, 0, 0, 1, 0.0, 0.0, 0.0, 1.0, 0.15, 0, 1
34887586, 0, 1, 0, 0, 0.0, 1.0, 0.0, 0.0, 0.15, 0, 1
34887588, 0, 0, 0, 1, 0.0, 0.0, 0.0, 1.0, 0.125, 0, 1
34887589, 0, 1, 0, 0, 0.0, 1.0, 0.0, 0.0, 0.125, 0, 1
34887590, 0, 1, 0, 0, 0.0, 0.6, 0.2, 0.2, 0.125, 0, 1
34887591, 0, 0, 0, 1, 0.0, 0.0, 0.0, 1.0, 0.1, 0, 1
34887592, 1, 0, 0, 0, 1.0, 0.0, 0.0, 0.0, 0.1, 0, 1
34887593, 1, 0, 0, 0, 1.0, 0.0, 0.0, 0.0, 0.125, 0, 1
34887594, 1, 0, 0, 0, 0.8, 0.2, 0.0, 0.0, 0.125, 0, 1
34887599, 0, 1, 0, 0, 0.0, 1.0, 0.0, 0.0, 0.1, 0, 1
34887600, 0, 0, 1, 0, 0.2, 0.0, 0.8, 0.0, 0.125, 0, 1
34887602, 0, 0, 1, 0, 0.0, 0.0, 1.0, 0.0, 0.15, 0, 1
34887604, 1, 0, 0, 0, 0.8333333333333334, 0.0, 0.0, 0.16666666666666666, 0.15, 0, 1
34887608, 0, 0, 1, 0, 1.0, 0.0, 0.0, 0.0, 0.15, 1, 0
34887613, 0, 0, 0, 1, 0.0, 0.0, 0.0, 1.0, 0.175, 0, 1
34887617, 1, 0, 0, 0, 1.0, 0.0, 0.0, 0.0, 0.225, 0, 1
34887618, 0, 0, 1, 0, 0.0, 0.0, 1.0, 0.0, 0.225, 0, 1
34887619, 0, 0, 0, 1, 0.0, 0.0, 0.0, 1.0, 0.225, 0, 1
34887620, 0, 1, 0, 0, 0.0, 0.8888888888888888, 0.1111111111111111, 0.0, 0.225, 0, 1
34887625, 1, 0, 0, 0, 1.0, 0.0, 0.0, 0.0, 0.275, 0, 1
34887631, 0, 0, 0, 1, 0.0, 0.09090909090909091, 0.09090909090909091, 0.8181818181818182, 0.275, 0, 1
34887633, 0, 0, 0, 1, 0.0, 0.0, 0.09090909090909091, 0.9090909090909091, 0.275, 0, 1
40283021, 0, 0, 1, 0, 0.0, 0.0, 1.0, 0.0, 0.325, 0, 1
40283022, 0, 0, 0, 1, 0.07692307692307693, 0.0, 0.0, 0.9230769230769231, 0.325, 0, 1
40283025, 0, 0, 1, 0, 0.0, 0.0, 1.0, 0.0, 0.35, 0, 1
40283026, 1, 0, 0, 0, 0.9285714285714286, 0.0, 0.07142857142857142, 0.0, 0.35, 0, 1
40283027, 0, 0, 0, 1, 0.0, 0.0, 0.0, 1.0, 0.375, 0, 1
40283028, 0, 0, 0, 1, 0.0, 0.07142857142857142, 0.0, 0.9285714285714286, 0.35, 0, 1
40283029, 0, 0, 0, 1, 0.0, 0.0, 0.0, 1.0, 0.325, 0, 1
40283030, 1, 0, 0, 0, 0.8461538461538461, 0.07692307692307693, 0.07692307692307693, 0.0, 0.325, 0, 1
40283033, 0, 0, 1, 0, 0.0, 0.08333333333333333, 0.9166666666666666, 0.0, 0.3, 0, 1
40283038, 0, 0, 0, 1, 0.0, 0.0, 0.0, 1.0, 0.25, 0, 1
40283039, 0, 1, 0, 0, 0.0, 1.0, 0.0, 0.0, 0.25, 0, 1
40283043, 0, 0, 0, 1, 0.0, 0.0, 0.0, 1.0, 0.2, 0, 1
40283044, 0, 0, 0, 1, 0.125, 0.875, 0.0, 0.0, 0.2, 1, 0
40283053, 0, 1, 0, 0, 0.1111111111111111, 0.8888888888888888, 0.0, 0.0, 0.225, 0, 1
40283056, 0, 0, 1, 0, 0.09090909090909091, 0.0, 0.9090909090909091, 0.0, 0.275, 0, 1
40283059, 0, 1, 0, 0, 0.0, 1.0, 0.0, 0.0, 0.325, 0, 1
40283060, 0, 0, 0, 1, 0.0, 0.0, 0.0, 1.0, 0.35, 0, 1
40283061, 0, 1, 0, 0, 0.0, 1.0, 0.0, 0.0, 0.35, 0, 1
40283062, 0, 1, 0, 0, 0.0, 1.0, 0.0, 0.0, 0.375, 0, 1
40283063, 0, 0, 0, 1, 0.0, 0.06666666666666667, 0.0, 0.9333333333333333, 0.375, 0, 1
40283065, 0, 0, 1, 0, 0.06666666666666667, 0.0, 0.9333333333333333, 0.0, 0.375, 0, 1
40283066, 0, 1, 0, 0, 0.0, 1.0, 0.0, 0.0, 0.4, 0, 1
40283067, 0, 0, 1, 0, 0.0, 0.0, 1.0, 0.0, 0.4, 0, 1
40283068, 1, 0, 0, 0, 1.0, 0.0, 0.0, 0.0, 0.375, 0, 1
37348623, 0, 0, 1, 0, 0.0, 0.0, 0.9230769230769231, 0.07692307692307693, 0.325, 0, 1
37348625, 0, 0, 0, 1, 0.0, 0.07142857142857142, 0.07142857142857142, 0.8571428571428571, 0.35, 0, 1
37348631, 0, 0, 1, 0, 0.07692307692307693, 0.0, 0.9230769230769231, 0.0, 0.325, 0, 1
37348639, 0, 0, 1, 0, 0.0, 0.0, 1.0, 0.0, 0.375, 0, 1
37348641, 1, 0, 0, 0, 0.9375, 0.0, 0.0625, 0.0, 0.4, 0, 1
37348646, 0, 1, 0, 0, 1.0, 0.0, 0.0, 0.0, 0.4, 1, 0
37348649, 1, 0, 0, 0, 0.8823529411764706, 0.058823529411764705, 0.0, 0.058823529411764705, 0.425, 0, 1
37348653, 1, 0, 0, 0, 1.0, 0.0, 0.0, 0.0, 0.4, 0, 1
37348655, 0, 0, 1, 0, 0.0, 0.125, 0.875, 0.0, 0.4, 0, 1
37348657, 0, 0, 0, 1, 0.0, 0.0, 0.0, 1.0, 0.4, 0, 1
37348658, 0, 1, 0, 0, 0.0, 0.9375, 0.0625, 0.0, 0.4, 0, 1
37348662, 1, 0, 0, 0, 0.9285714285714286, 0.0, 0.0, 0.07142857142857142, 0.35, 0, 1
37348666, 0, 0, 1, 0, 0.0, 0.09090909090909091, 0.9090909090909091, 0.0, 0.275, 0, 1
37348670, 0, 1, 0, 0, 0.0, 0.9, 0.0, 0.1, 0.25, 0, 1
32406884, 0, 0, 1, 0, 0.0, 0.0, 1.0, 0.0, 0.1, 0, 1
32406887, 1, 0, 0, 0, 1.0, 0.0, 0.0, 0.0, 0.075, 0, 1
32406888, 0, 1, 0, 0, 0.0, 1.0, 0.0, 0.0, 0.05, 0, 1
32406889, 1, 0, 0, 0, 1.0, 0.0, 0.0, 0.0, 0.05, 0, 1
32406895, 0, 0, 0, 1, 0.0, 0.0, 0.0, 1.0, 0.075, 0, 1
32406896, 0, 1, 0, 0, 0.0, 1.0, 0.0, 0.0, 0.075, 0, 1
32406908, 1, 0, 0, 0, 0.16666666666666666, 0.8333333333333334, 0.0, 0.0, 0.15, 1, 0
32406918, 0, 1, 0, 0, 0.0, 0.8571428571428571, 0.0, 0.14285714285714285, 0.175, 0, 1
32406922, 0, 0, 1, 0, 0.14285714285714285, 0.0, 0.8571428571428571, 0.0, 0.175, 0, 1
32406925, 0, 1, 0, 0, 0.14285714285714285, 0.8571428571428571, 0.0, 0.0, 0.175, 0, 1
32406926, 0, 0, 1, 0, 0.0, 0.0, 1.0, 0.0, 0.2, 0, 1
32406929, 0, 0, 0, 1, 0.0, 0.125, 0.0, 0.875, 0.2, 0, 1
32406930, 0, 1, 0, 0, 0.0, 1.0, 0.0, 0.0, 0.225, 0, 1
32406932, 0, 0, 1, 0, 0.125, 0.0, 0.875, 0.0, 0.2, 0, 1
16957483, 0, 1, 0, 0, 0.0, 0.9090909090909091, 0.0, 0.09090909090909091, 0.275, 0, 1
16957491, 0, 1, 0, 0, 0.0, 0.9166666666666666, 0.08333333333333333, 0.0, 0.3, 0, 1
16957504, 1, 0, 0, 0, 0.0, 0.0, 1.0, 0.0, 0.3, 1, 0
16957509, 0, 1, 0, 0, 0.0, 0.9230769230769231, 0.07692307692307693, 0.0, 0.325, 0, 1
16957511, 0, 0, 1, 0, 0.0, 0.0, 0.9166666666666666, 0.08333333333333333, 0.3, 0, 1
16957518, 0, 0, 1, 0, 0.0, 0.0, 1.0, 0.0, 0.275, 0, 1
16957521, 0, 1, 0, 0, 0.08333333333333333, 0.9166666666666666, 0.0, 0.0, 0.3, 0, 1
16957522, 0, 1, 0, 0, 0.0, 0.8333333333333334, 0.08333333333333333, 0.08333333333333333, 0.3, 0, 1
16957524, 1, 0, 0, 0, 0.8333333333333334, 0.0, 0.08333333333333333, 0.08333333333333333, 0.3, 0, 1
16957528, 1, 0, 0, 0, 1.0, 0.0, 0.0, 0.0, 0.35, 0, 1
16957529, 0, 0, 1, 0, 0.0, 0.0, 0.9285714285714286, 0.07142857142857142, 0.35, 0, 1
16957530, 0, 0, 0, 1, 0.0, 0.07692307692307693, 0.0, 0.9230769230769231, 0.325, 0, 1
33583146, 0, 0, 0, 1, 0.0, 0.1, 0.0, 0.9, 0.25, 0, 1
33583149, 0, 1, 0, 0, 0.0, 0.9, 0.1, 0.0, 0.25, 0, 1
33583150, 0, 1, 0, 0, 0.1, 0.9, 0.0, 0.0, 0.25, 0, 1
33583158, 0, 1, 0, 0, 0.0, 0.7777777777777778, 0.1111111111111111, 0.1111111111111111, 0.225, 0, 1
33583166, 1, 0, 0, 0, 0.0, 0.0, 1.0, 0.0, 0.175, 1, 0
33583185, 0, 0, 1, 0, 0.0, 0.0, 0.8333333333333334, 0.16666666666666666, 0.15, 0, 1
33583189, 1, 0, 0, 0, 0.8333333333333334, 0.0, 0.16666666666666666, 0.0, 0.15, 0, 1
42630231, 1, 0, 0, 0, 0.9090909090909091, 0.0, 0.0, 0.09090909090909091, 0.275, 0, 1
42630235, 0, 0, 1, 0, 0.0, 0.1111111111111111, 0.8888888888888888, 0.0, 0.225, 0, 1
42630238, 0, 0, 0, 1, 0.0, 0.0, 0.1111111111111111, 0.8888888888888888, 0.225, 0, 1
42630245, 0, 1, 0, 0, 0.125, 0.875, 0.0, 0.0, 0.2, 0, 1
42630248, 0, 1, 0, 0, 0.0, 0.875, 0.125, 0.0, 0.2, 0, 1
42630253, 0, 0, 1, 0, 0.0, 0.0, 0.8571428571428571, 0.14285714285714285, 0.175, 0, 1
42630255, 1, 0, 0, 0, 0.0, 0.0, 0.0, 1.0, 0.15, 1, 0
42630265, 0, 1, 0, 0, 0.14285714285714285, 0.7142857142857143, 0.14285714285714285, 0.0, 0.175, 0, 1
42630270, 0, 0, 1, 0, 0.0, 0.0, 0.75, 0.25, 0.1, 0, 1
42630271, 0, 0, 1, 0, 0.0, 0.25, 0.75, 0.0, 0.1, 0, 1
42630277, 0, 0, 1, 0, 0.0, 0.0, 1.0, 0.0, 0.075, 0, 1
42630278, 1, 0, 0, 0, 0.75, 0.25, 0.0, 0.0, 0.1, 0, 1
21481787, 1, 0, 0, 0, 0.9, 0.0, 0.1, 0.0, 0.25, 0, 1
21481796, 0, 0, 1, 0, 0.0, 0.125, 0.875, 0.0, 0.2, 0, 1
21481803, 1, 0, 0, 0, 0.8888888888888888, 0.0, 0.0, 0.1111111111111111, 0.225, 0, 1
21481807, 1, 0, 0, 0, 0.0, 0.0, 1.0, 0.0, 0.2, 1, 0
21481817, 0, 1, 0, 0, 0.0, 0.8333333333333334, 0.16666666666666666, 0.0, 0.15, 0, 1
36273289, 0, 1, 0, 0, 0.06666666666666667, 0.9333333333333333, 0.0, 0.0, 0.375, 0, 1
36273293, 0, 1, 0, 0, 0.0, 0.9333333333333333, 0.06666666666666667, 0.0, 0.375, 0, 1
36273306, 0, 0, 1, 0, 0.0, 0.0, 0.9333333333333333, 0.06666666666666667, 0.375, 0, 1
36273307, 0, 1, 0, 0, 1.0, 0.0, 0.0, 0.0, 0.3, 1, 0
36273320, 1, 0, 0, 0, 0.9090909090909091, 0.0, 0.09090909090909091, 0.0, 0.275, 0, 1
36685203, 0, 0, 1, 0, 0.0, 1.0, 0.0, 0.0, 0.225, 1, 0
36685220, 0, 1, 0, 0, 0.0, 0.9090909090909091, 0.09090909090909091, 0.0, 0.275, 0, 1
22530734, 0, 0, 0, 1, 0.0, 0.09090909090909091, 0.9090909090909091, 0.0, 0.275, 1, 0
22530740, 0, 0, 0, 1, 0.08333333333333333, 0.0, 0.08333333333333333, 0.8333333333333334, 0.3, 0, 1
22530746, 0, 0, 1, 0, 0.0, 0.07142857142857142, 0.9285714285714286, 0.0, 0.35, 0, 1
22530754, 0, 0, 0, 1, 0.09090909090909091, 0.0, 0.0, 0.9090909090909091, 0.275, 0, 1
22530755, 0, 0, 0, 1, 0.1, 0.0, 0.0, 0.9, 0.25, 0, 1
21648464, 0, 0, 1, 0, 0.0, 0.0, 1.0, 0.0, 0.125, 0, 1
21648479, 1, 0, 0, 0, 0.8, 0.0, 0.2, 0.0, 0.125, 0, 1
21648487, 0, 0, 0, 1, 0.0, 0.0, 1.0, 0.0, 0.125, 1, 0
26719095, 0, 0, 0, 1, 0.0, 0.09090909090909091, 0.0, 0.9090909090909091, 0.275, 0, 1
26719104, 1, 0, 0, 0, 0.75, 0.0, 0.25, 0.0, 0.2, 0, 1
26719112, 1, 0, 0, 0, 0.8571428571428571, 0.0, 0.14285714285714285, 0.0, 0.175, 0, 1
26719118, 0, 1, 0, 0, 0.0, 0.0, 1.0, 0.0, 0.1, 1, 0
26719127, 0, 1, 0, 0, 0.25, 0.75, 0.0, 0.0, 0.1, 0, 1
26719129, 0, 1, 0, 0, 0.0, 0.75, 0.25, 0.0, 0.1, 0, 1
26719132, 0, 0, 0, 1, 0.25, 0.0, 0.0, 0.75, 0.1, 0, 1
26719139, 0, 0, 1, 0, 0.0, 0.0, 1.0, 0.0, 0.05, 0, 1
26719140, 0, 0, 0, 1, 0.0, 0.0, 0.0, 1.0, 0.05, 0, 1
26719143, 0, 0, 1, 0, 0.5, 0.0, 0.5, 0.0, 0.05, 0, 1
41286845, 1, 0, 0, 0, 0.9, 0.0, 0.0, 0.1, 0.25, 0, 1
41286866, 0, 1, 0, 0, 0.0, 0.8, 0.0, 0.2, 0.125, 0, 1
17441065, 1, 0, 0, 0, 0.9230769230769231, 0.0, 0.07692307692307693, 0.0, 0.325, 0, 1
17441066, 0, 0, 1, 0, 0.0, 0.07692307692307693, 0.8461538461538461, 0.07692307692307693, 0.325, 0, 1
17441070, 1, 0, 0, 0, 0.9230769230769231, 0.07692307692307693, 0.0, 0.0, 0.325, 0, 1
17441073, 0, 0, 1, 0, 0.0, 0.07692307692307693, 0.9230769230769231, 0.0, 0.325, 0, 1
17441086, 0, 1, 0, 0, 0.9285714285714286, 0.0, 0.0, 0.07142857142857142, 0.35, 1, 0
33698174, 0, 0, 0, 1, 0.1, 0.2, 0.0, 0.7, 0.25, 0, 1
33698196, 0, 0, 0, 1, 0.0, 1.0, 0.0, 0.0, 0.225, 1, 0
33698197, 1, 0, 0, 0, 0.7777777777777778, 0.0, 0.1111111111111111, 0.1111111111111111, 0.225, 0, 1
33698202, 0, 0, 0, 1, 0.14285714285714285, 0.0, 0.0, 0.8571428571428571, 0.175, 0, 1
33698215, 0, 1, 0, 0, 0.16666666666666666, 0.8333333333333334, 0.0, 0.0, 0.15, 0, 1
20279754, 0, 0, 1, 0, 0.0, 0.0625, 0.9375, 0.0, 0.4, 0, 1
20279767, 1, 0, 0, 0, 0.8333333333333334, 0.0, 0.16666666666666666, 0.0, 0.3, 0, 1
20279771, 0, 0, 0, 1, 0.0, 0.9230769230769231, 0.0, 0.07692307692307693, 0.325, 1, 0
20279773, 1, 0, 0, 0, 0.9230769230769231, 0.0, 0.0, 0.07692307692307693, 0.325, 0, 1
46644132, 0, 0, 1, 0, 0.0, 0.0, 0.0, 1.0, 0.275, 1, 0
20367397, 1, 0, 0, 0, 0.8888888888888888, 0.0, 0.1111111111111111, 0.0, 0.225, 0, 1
20367400, 0, 0, 1, 0, 0.1111111111111111, 0.0, 0.8888888888888888, 0.0, 0.225, 0, 1
20367401, 0, 0, 0, 1, 0.0, 0.1111111111111111, 0.0, 0.8888888888888888, 0.225, 0, 1
20367408, 0, 0, 0, 1, 1.0, 0.0, 0.0, 0.0, 0.25, 1, 0
20367415, 1, 0, 0, 0, 0.9090909090909091, 0.09090909090909091, 0.0, 0.0, 0.275, 0, 1
34863187, 0, 0, 1, 0, 0.25, 0.0, 0.75, 0.0, 0.2, 0, 1
34863188, 0, 1, 0, 0, 0.0, 0.875, 0.0, 0.125, 0.2, 0, 1
34863206, 0, 1, 0, 0, 0.0, 0.0, 0.0, 1.0, 0.175, 1, 0
41702718, 0, 1, 0, 0, 0.07142857142857142, 0.9285714285714286, 0.0, 0.0, 0.35, 0, 1
41702726, 0, 0, 0, 1, 0.08333333333333333, 0.0, 0.0, 0.9166666666666666, 0.3, 0, 1
41702742, 0, 1, 0, 0, 0.0, 0.0, 1.0, 0.0, 0.275, 1, 0
41702762, 0, 1, 0, 0, 0.09090909090909091, 0.9090909090909091, 0.0, 0.0, 0.275, 0, 1
47568518, 0, 0, 0, 1, 0.8333333333333334, 0.0, 0.0, 0.16666666666666666, 0.15, 1, 0
30631783, 0, 1, 0, 0, 0.07692307692307693, 0.9230769230769231, 0.0, 0.0, 0.325, 0, 1
30631797, 1, 0, 0, 0, 0.0, 0.0, 0.0, 1.0, 0.275, 1, 0
22828509, 0, 0, 1, 0, 0.0, 0.0, 0.8888888888888888, 0.1111111111111111, 0.225, 0, 1
22828515, 1, 0, 0, 0, 0.875, 0.0, 0.0, 0.125, 0.2, 0, 1
22828518, 1, 0, 0, 0, 0.875, 0.125, 0.0, 0.0, 0.2, 0, 1
22828522, 1, 0, 0, 0, 0.0, 0.0, 1.0, 0.0, 0.225, 1, 0
22828526, 1, 0, 0, 0, 0.8571428571428571, 0.0, 0.0, 0.14285714285714285, 0.175, 0, 1
22828546, 0, 0, 1, 0, 0.0, 0.0, 0.9, 0.1, 0.25, 0, 1
42030637, 0, 0, 1, 0, 0.1111111111111111, 0.0, 0.7777777777777778, 0.1111111111111111, 0.225, 0, 1
42030640, 0, 0, 1, 0, 0.0, 0.1, 0.9, 0.0, 0.25, 0, 1
42030650, 1, 0, 0, 0, 0.0, 1.0, 0.0, 0.0, 0.175, 1, 0
19964495, 1, 0, 0, 0, 0.875, 0.0, 0.125, 0.0, 0.2, 0, 1
19964507, 0, 0, 1, 0, 0.0, 0.0, 0.0, 1.0, 0.225, 1, 0
19964531, 0, 1, 0, 0, 0.1111111111111111, 0.7777777777777778, 0.1111111111111111, 0.0, 0.225, 0, 1
37949171, 0, 1, 0, 0, 0.0, 0.8888888888888888, 0.0, 0.1111111111111111, 0.225, 0, 1
37949182, 0, 0, 0, 1, 0.0, 0.14285714285714285, 0.0, 0.8571428571428571, 0.175, 0, 1
37949192, 0, 0, 0, 1, 0.0, 0.0, 1.0, 0.0, 0.2, 1, 0
37949202, 0, 0, 0, 1, 0.2222222222222222, 0.0, 0.0, 0.7777777777777778, 0.225, 0, 1
37949209, 0, 0, 0, 1, 0.0, 0.16666666666666666, 0.0, 0.8333333333333334, 0.3, 0, 1
37949214, 0, 0, 1, 0, 0.0, 0.0, 0.9090909090909091, 0.09090909090909091, 0.275, 0, 1
46232591, 0, 0, 0, 1, 0.0, 0.0, 0.25, 0.75, 0.1, 0, 1
46232605, 0, 0, 0, 1, 0.16666666666666666, 0.0, 0.0, 0.8333333333333334, 0.15, 0, 1
46232615, 1, 0, 0, 0, 0.0, 0.0, 0.0, 1.0, 0.125, 1, 0
46232636, 1, 0, 0, 0, 0.8888888888888888, 0.1111111111111111, 0.0, 0.0, 0.225, 0, 1
40098776, 0, 1, 0, 0, 0.9166666666666666, 0.08333333333333333, 0.0, 0.0, 0.3, 1, 0
40098797, 0, 0, 1, 0, 0.1, 0.0, 0.9, 0.0, 0.25, 0, 1
38006237, 0, 0, 0, 1, 0.0, 0.0, 0.1, 0.9, 0.25, 0, 1
38006250, 0, 1, 0, 0, 1.0, 0.0, 0.0, 0.0, 0.225, 1, 0
38006258, 0, 0, 0, 1, 0.0, 0.0, 0.14285714285714285, 0.8571428571428571, 0.175, 0, 1
46656217, 0, 0, 0, 1, 0.2, 0.0, 0.0, 0.8, 0.25, 0, 1
46656221, 1, 0, 0, 0, 0.8, 0.1, 0.1, 0.0, 0.25, 0, 1
46656229, 1, 0, 0, 0, 0.5714285714285714, 0.0, 0.42857142857142855, 0.0, 0.175, 0, 1
46656230, 0, 0, 1, 0, 0.0, 0.0, 0.0, 1.0, 0.175, 1, 0
46656240, 0, 0, 1, 0, 0.0, 0.16666666666666666, 0.8333333333333334, 0.0, 0.15, 0, 1
23285178, 0, 0, 0, 1, 0.2, 0.0, 0.0, 0.8, 0.125, 0, 1
23285191, 0, 0, 0, 1, 0.0, 0.2, 0.0, 0.8, 0.125, 0, 1
23285194, 1, 0, 0, 0, 0.0, 1.0, 0.0, 0.0, 0.125, 1, 0
15305393, 0, 1, 0, 0, 0.0, 0.75, 0.0, 0.25, 0.1, 0, 1
30545380, 0, 1, 0, 0, 1.0, 0.0, 0.0, 0.0, 0.275, 1, 0
24903851, 0, 0, 1, 0, 0.0, 0.14285714285714285, 0.8571428571428571, 0.0, 0.175, 0, 1
24903855, 0, 1, 0, 0, 0.0, 0.8333333333333334, 0.0, 0.16666666666666666, 0.15, 0, 1
24903868, 0, 0, 0, 1, 0.125, 0.0, 0.0, 0.875, 0.2, 0, 1
24903870, 1, 0, 0, 0, 0.0, 1.0, 0.0, 0.0, 0.2, 1, 0
24903881, 0, 0, 0, 1, 0.3333333333333333, 0.0, 0.0, 0.6666666666666666, 0.15, 0, 1
37710572, 1, 0, 0, 0, 0.0, 0.0, 0.0, 1.0, 0.175, 1, 0
24988456, 0, 0, 0, 1, 0.0, 0.0, 0.07142857142857142, 0.9285714285714286, 0.35, 0, 1
24988458, 0, 1, 0, 0, 0.0625, 0.875, 0.0, 0.0625, 0.4, 0, 1
24988466, 1, 0, 0, 0, 0.0, 0.0, 0.9411764705882353, 0.058823529411764705, 0.425, 1, 0
24988469, 0, 1, 0, 0, 0.058823529411764705, 0.9411764705882353, 0.0, 0.0, 0.425, 0, 1
24988474, 1, 0, 0, 0, 0.9333333333333333, 0.06666666666666667, 0.0, 0.0, 0.375, 0, 1
24988480, 0, 1, 0, 0, 0.0, 0.9333333333333333, 0.0, 0.06666666666666667, 0.375, 0, 1
35618571, 0, 0, 0, 1, 0.0, 0.0, 1.0, 0.0, 0.275, 1, 0
28955767, 0, 1, 0, 0, 0.0, 0.0, 0.0, 1.0, 0.2, 1, 0
47442246, 1, 0, 0, 0, 0.7142857142857143, 0.0, 0.14285714285714285, 0.14285714285714285, 0.175, 0, 1
47442256, 1, 0, 0, 0, 0.7142857142857143, 0.0, 0.0, 0.2857142857142857, 0.175, 0, 1
47442264, 0, 0, 0, 1, 0.0, 0.0, 1.0, 0.0, 0.15, 1, 0
25818989, 0, 1, 0, 0, 0.0, 0.0, 1.0, 0.0, 0.15, 1, 0
25818999, 1, 0, 0, 0, 0.9, 0.1, 0.0, 0.0, 0.25, 0, 1
25819014, 0, 0, 0, 1, 0.0, 0.15384615384615385, 0.07692307692307693, 0.7692307692307693, 0.325, 0, 1
44156710, 0, 0, 1, 0, 0.0, 0.0, 0.6666666666666666, 0.3333333333333333, 0.15, 0, 1
44156714, 0, 0, 0, 1, 0.0, 0.16666666666666666, 0.0, 0.8333333333333334, 0.15, 0, 1
44156727, 0, 0, 0, 1, 0.0, 1.0, 0.0, 0.0, 0.175, 1, 0
44156753, 1, 0, 0, 0, 0.8181818181818182, 0.09090909090909091, 0.09090909090909091, 0.0, 0.275, 0, 1
21004269, 0, 0, 1, 0, 0.0, 1.0, 0.0, 0.0, 0.2, 1, 0
21004295, 0, 1, 0, 0, 0.2222222222222222, 0.7777777777777778, 0.0, 0.0, 0.225, 0, 1
30343017, 1, 0, 0, 0, 0.9285714285714286, 0.07142857142857142, 0.0, 0.0, 0.35, 0, 1
30343027, 1, 0, 0, 0, 0.7272727272727273, 0.09090909090909091, 0.09090909090909091, 0.09090909090909091, 0.275, 0, 1
30343030, 0, 0, 0, 1, 0.08333333333333333, 0.0, 0.9166666666666666, 0.0, 0.3, 1, 0
30343040, 0, 1, 0, 0, 0.0, 0.8181818181818182, 0.0, 0.18181818181818182, 0.275, 0, 1
26051202, 0, 0, 1, 0, 0.14285714285714285, 0.0, 0.0, 0.8571428571428571, 0.175, 1, 0
34952901, 0, 0, 0, 1, 0.0, 1.0, 0.0, 0.0, 0.25, 1, 0
33142871, 0, 0, 0, 1, 0.0, 0.08333333333333333, 0.0, 0.9166666666666666, 0.3, 0, 1
33142891, 0, 1, 0, 0, 0.0, 0.0, 0.0, 1.0, 0.125, 1, 0
33142901, 0, 1, 0, 0, 0.125, 0.75, 0.125, 0.0, 0.2, 0, 1
33191378, 1, 0, 0, 0, 0.8461538461538461, 0.0, 0.0, 0.15384615384615385, 0.325, 0, 1
33191385, 0, 1, 0, 0, 0.0, 0.9230769230769231, 0.0, 0.07692307692307693, 0.325, 0, 1
33191389, 0, 0, 1, 0, 0.0, 0.0, 0.3076923076923077, 0.6923076923076923, 0.325, 1, 0
33191393, 0, 1, 0, 0, 0.13333333333333333, 0.8, 0.0, 0.06666666666666667, 0.375, 0, 1
33191397, 1, 0, 0, 0, 0.9333333333333333, 0.0, 0.06666666666666667, 0.0, 0.375, 0, 1
33191412, 0, 1, 0, 0, 0.0625, 0.9375, 0.0, 0.0, 0.4, 0, 1
33191414, 0, 0, 1, 0, 0.06666666666666667, 0.0, 0.8666666666666667, 0.06666666666666667, 0.375, 0, 1
21724590, 0, 0, 0, 1, 0.16666666666666666, 0.16666666666666666, 0.0, 0.6666666666666666, 0.15, 0, 1
43784249, 0, 0, 1, 0, 0.1, 0.1, 0.8, 0.0, 0.25, 0, 1
43784261, 1, 0, 0, 0, 0.7777777777777778, 0.1111111111111111, 0.0, 0.1111111111111111, 0.225, 0, 1
43784272, 0, 0, 0, 1, 1.0, 0.0, 0.0, 0.0, 0.325, 1, 0
43784275, 0, 0, 1, 0, 0.0625, 0.0, 0.9375, 0.0, 0.4, 0, 1
43784278, 1, 0, 0, 0, 0.9375, 0.0625, 0.0, 0.0, 0.4, 0, 1
43784293, 0, 1, 0, 0, 0.0625, 0.875, 0.0625, 0.0, 0.4, 0, 1
43784294, 0, 0, 0, 1, 0.0625, 0.0, 0.0, 0.9375, 0.4, 0, 1
43784295, 0, 0, 0, 1, 0.0, 0.0625, 0.0, 0.9375, 0.4, 0, 1
29710310, 1, 0, 0, 0, 0.0, 0.0, 1.0, 0.0, 0.125, 1, 0
29710312, 1, 0, 0, 0, 0.6666666666666666, 0.16666666666666666, 0.0, 0.16666666666666666, 0.15, 0, 1
29710323, 0, 0, 0, 1, 0.125, 0.0, 0.125, 0.75, 0.2, 0, 1
29710334, 0, 0, 1, 0, 0.0, 0.1111111111111111, 0.7777777777777778, 0.1111111111111111, 0.225, 0, 1
9523454, 0, 0, 0, 1, 0.058823529411764705, 0.0, 0.058823529411764705, 0.8823529411764706, 0.425, 0, 1
9523459, 1, 0, 0, 0, 0.0625, 0.0625, 0.875, 0.0, 0.4, 1, 0
9523463, 0, 0, 0, 1, 0.0, 0.06666666666666667, 0.06666666666666667, 0.8666666666666667, 0.375, 0, 1
9523464, 0, 0, 0, 1, 0.0, 0.13333333333333333, 0.0, 0.8666666666666667, 0.375, 0, 1
9523466, 0, 0, 1, 0, 0.11764705882352941, 0.058823529411764705, 0.8235294117647058, 0.0, 0.425, 0, 1
9523467, 0, 0, 0, 1, 0.0, 0.0, 0.0, 1.0, 0.45, 0, 1
9523468, 1, 0, 0, 0, 1.0, 0.0, 0.0, 0.0, 0.45, 0, 1
9523471, 0, 1, 0, 0, 0.11764705882352941, 0.8823529411764706, 0.0, 0.0, 0.425, 0, 1
9523474, 0, 0, 1, 0, 0.0, 0.058823529411764705, 0.9411764705882353, 0.0, 0.425, 0, 1
9523477, 1, 0, 0, 0, 0.9444444444444444, 0.05555555555555555, 0.0, 0.0, 0.45, 0, 1
9523479, 0, 1, 0, 0, 0.0, 0.9444444444444444, 0.05555555555555555, 0.0, 0.45, 0, 1
9523481, 0, 0, 0, 1, 0.0, 0.058823529411764705, 0.0, 0.9411764705882353, 0.425, 0, 1
24728403, 0, 1, 0, 0, 0.0, 0.0, 0.0, 1.0, 0.225, 1, 0
27240025, 0, 0, 1, 0, 0.0, 0.1, 0.7, 0.2, 0.25, 0, 1
27240036, 0, 0, 1, 0, 1.0, 0.0, 0.0, 0.0, 0.225, 1, 0
34680463, 1, 0, 0, 0, 0.8333333333333334, 0.16666666666666666, 0.0, 0.0, 0.15, 0, 1
34680466, 0, 0, 1, 0, 0.0, 0.2, 0.8, 0.0, 0.125, 0, 1
21509233, 1, 0, 0, 0, 0.0, 0.1, 0.0, 0.9, 0.25, 1, 0
21509243, 0, 1, 0, 0, 0.0, 0.8181818181818182, 0.18181818181818182, 0.0, 0.275, 0, 1
21509256, 0, 1, 0, 0, 0.0, 0.9285714285714286, 0.0, 0.07142857142857142, 0.35, 0, 1
21509259, 0, 0, 0, 1, 0.07142857142857142, 0.0, 0.0, 0.9285714285714286, 0.35, 0, 1
47560435, 0, 1, 0, 0, 0.8571428571428571, 0.14285714285714285, 0.0, 0.0, 0.175, 1, 0
30070744, 1, 0, 0, 0, 0.8, 0.0, 0.1, 0.1, 0.25, 0, 1
35267922, 1, 0, 0, 0, 0.875, 0.0, 0.0625, 0.0625, 0.4, 0, 1
25838452, 0, 0, 0, 1, 0.0, 0.05555555555555555, 0.0, 0.9444444444444444, 0.45, 0, 1
25838455, 0, 0, 1, 0, 0.0, 0.0, 0.9411764705882353, 0.058823529411764705, 0.425, 0, 1
25838463, 0, 0, 1, 0, 0.058823529411764705, 0.0, 0.9411764705882353, 0.0, 0.425, 0, 1
25838475, 0, 1, 0, 0, 0.8571428571428571, 0.0, 0.0, 0.14285714285714285, 0.35, 1, 0
25838481, 0, 1, 0, 0, 0.0, 0.9375, 0.0, 0.0625, 0.4, 0, 1
25838499, 0, 1, 0, 0, 0.0, 0.9285714285714286, 0.07142857142857142, 0.0, 0.35, 0, 1
16339459, 0, 1, 0, 0, 0.08333333333333333, 0.8333333333333334, 0.0, 0.08333333333333333, 0.3, 0, 1
16339481, 0, 1, 0, 0, 0.0, 0.0, 0.0, 1.0, 0.325, 1, 0
43661276, 0, 0, 0, 1, 0.14285714285714285, 0.0, 0.14285714285714285, 0.7142857142857143, 0.175, 0, 1
43661288, 0, 0, 1, 0, 1.0, 0.0, 0.0, 0.0, 0.175, 1, 0
43661297, 0, 0, 0, 1, 0.0, 0.25, 0.0, 0.75, 0.1, 0, 1
42594135, 1, 0, 0, 0, 0.0, 0.08333333333333333, 0.9166666666666666, 0.0, 0.3, 1, 0
40891573, 0, 0, 1, 0, 0.0, 0.0, 0.8333333333333334, 0.16666666666666666, 0.3, 0, 1
40891587, 0, 0, 1, 0, 0.0, 0.1111111111111111, 0.0, 0.8888888888888888, 0.225, 1, 0
40891597, 0, 0, 0, 1, 0.1111111111111111, 0.0, 0.0, 0.8888888888888888, 0.225, 0, 1
40891611, 0, 0, 1, 0, 0.07142857142857142, 0.07142857142857142, 0.8571428571428571, 0.0, 0.35, 0, 1
25429599, 0, 0, 1, 0, 0.1111111111111111, 0.1111111111111111, 0.7777777777777778, 0.0, 0.225, 0, 1
25429610, 0, 0, 1, 0, 0.16666666666666666, 0.0, 0.8333333333333334, 0.0, 0.15, 0, 1
31756835, 1, 0, 0, 0, 0.75, 0.0, 0.25, 0.0, 0.1, 0, 1
19678036, 1, 0, 0, 0, 0.8, 0.0, 0.0, 0.2, 0.125, 0, 1
19678046, 0, 1, 0, 0, 1.0, 0.0, 0.0, 0.0, 0.125, 1, 0
31518509, 0, 1, 0, 0, 0.0, 0.0, 1.0, 0.0, 0.125, 1, 0
32741104, 1, 0, 0, 0, 0.8181818181818182, 0.18181818181818182, 0.0, 0.0, 0.275, 0, 1
42183702, 1, 0, 0, 0, 0.0, 0.0, 1.0, 0.0, 0.275, 1, 0
45545875, 0, 0, 1, 0, 0.0, 1.0, 0.0, 0.0, 0.125, 1, 0
24217352, 0, 1, 0, 0, 0.0, 0.0, 1.0, 0.0, 0.2, 1, 0
19015372, 0, 0, 1, 0, 0.0, 0.25, 0.75, 0.0, 0.2, 0, 1
19015376, 1, 0, 0, 0, 0.7142857142857143, 0.14285714285714285, 0.14285714285714285, 0.0, 0.175, 0, 1
19015384, 0, 1, 0, 0, 0.2, 0.8, 0.0, 0.0, 0.125, 0, 1
19015392, 0, 0, 1, 0, 0.0, 0.0, 0.0, 1.0, 0.1, 1, 0
34566846, 0, 0, 0, 1, 0.0, 0.0, 0.4444444444444444, 0.5555555555555556, 0.225, 1, 0
34566862, 0, 0, 1, 0, 0.09090909090909091, 0.09090909090909091, 0.8181818181818182, 0.0, 0.275, 0, 1
15968037, 1, 0, 0, 0, 0.75, 0.0, 0.0, 0.25, 0.1, 0, 1
15968059, 0, 0, 1, 0, 0.0, 0.0, 0.0, 1.0, 0.15, 1, 0
21068920, 0, 0, 1, 0, 0.09090909090909091, 0.0, 0.8181818181818182, 0.09090909090909091, 0.275, 0, 1
21068926, 1, 0, 0, 0, 0.0, 0.0, 0.0, 1.0, 0.225, 1, 0
10707817, 0, 1, 0, 0, 0.5, 0.5, 0.0, 0.0, 0.25, 1, 0
36402387, 0, 0, 0, 1, 0.08333333333333333, 0.08333333333333333, 0.0, 0.8333333333333334, 0.3, 0, 1
36402397, 0, 1, 0, 0, 0.75, 0.25, 0.0, 0.0, 0.2, 1, 0
36402423, 1, 0, 0, 0, 0.5, 0.0, 0.16666666666666666, 0.3333333333333333, 0.15, 0, 1
24403606, 1, 0, 0, 0, 0.0, 0.0, 1.0, 0.0, 0.075, 1, 0
24403615, 0, 0, 1, 0, 0.0, 0.0, 0.5, 0.5, 0.05, 0, 1
34614710, 0, 1, 0, 0, 0.0, 0.6666666666666666, 0.16666666666666666, 0.16666666666666666, 0.15, 0, 1
34614719, 1, 0, 0, 0, 0.2, 0.0, 0.8, 0.0, 0.125, 1, 0
34614742, 1, 0, 0, 0, 0.8461538461538461, 0.0, 0.07692307692307693, 0.07692307692307693, 0.325, 0, 1
24314051, 0, 0, 1, 0, 0.07692307692307693, 0.0, 0.8461538461538461, 0.07692307692307693, 0.325, 0, 1
24314067, 1, 0, 0, 0, 0.0, 0.0, 0.1, 0.9, 0.25, 1, 0
43284201, 0, 0, 0, 1, 0.09090909090909091, 0.09090909090909091, 0.0, 0.8181818181818182, 0.275, 0, 1
43284222, 0, 1, 0, 0, 0.0, 0.46153846153846156, 0.0, 0.5384615384615384, 0.325, 1, 0
43284230, 0, 0, 1, 0, 0.07142857142857142, 0.0, 0.9285714285714286, 0.0, 0.35, 0, 1
28842553, 0, 1, 0, 0, 0.0, 0.0, 0.0, 1.0, 0.25, 1, 0
35952177, 0, 0, 1, 0, 0.0, 0.06666666666666667, 0.9333333333333333, 0.0, 0.375, 0, 1
10779802, 0, 0, 0, 1, 0.0, 0.1111111111111111, 0.1111111111111111, 0.7777777777777778, 0.225, 0, 1
24828575, 1, 0, 0, 0, 0.0, 0.0, 0.0, 1.0, 0.3, 1, 0
24828582, 0, 0, 0, 1, 0.1, 0.0, 0.1, 0.8, 0.25, 0, 1
32016881, 1, 0, 0, 0, 0.0, 1.0, 0.0, 0.0, 0.225, 1, 0
15007380, 0, 0, 0, 1, 0.07142857142857142, 0.0, 0.07142857142857142, 0.8571428571428571, 0.35, 0, 1
15619043, 0, 0, 0, 1, 0.0, 1.0, 0.0, 0.0, 0.125, 1, 0
40022649, 0, 0, 0, 1, 0.0, 0.0, 0.875, 0.125, 0.2, 1, 0
37482381, 0, 0, 0, 1, 0.14285714285714285, 0.8571428571428571, 0.0, 0.0, 0.175, 1, 0
37482384, 0, 0, 0, 1, 0.0, 0.0, 0.25, 0.75, 0.2, 0, 1
37482405, 1, 0, 0, 0, 0.7777777777777778, 0.0, 0.0, 0.2222222222222222, 0.225, 0, 1
41299216, 1, 0, 0, 0, 0.42857142857142855, 0.0, 0.5714285714285714, 0.0, 0.175, 1, 0
39444432, 0, 1, 0, 0, 1.0, 0.0, 0.0, 0.0, 0.15, 1, 0
46142325, 0, 0, 0, 1, 0.0, 0.0, 0.07692307692307693, 0.9230769230769231, 0.325, 0, 1
41424339, 0, 0, 1, 0, 1.0, 0.0, 0.0, 0.0, 0.2, 1, 0
33277968, 0, 0, 1, 0, 0.125, 0.0, 0.75, 0.125, 0.2, 0, 1
33277972, 0, 0, 1, 0, 0.0, 0.8888888888888888, 0.1111111111111111, 0.0, 0.225, 1, 0
29561229, 1, 0, 0, 0, 0.0, 0.2, 0.0, 0.8, 0.25, 1, 0
29561241, 0, 1, 0, 0, 0.1111111111111111, 0.7777777777777778, 0.0, 0.1111111111111111, 0.225, 0, 1
40966123, 0, 0, 0, 1, 0.0, 0.18181818181818182, 0.0, 0.8181818181818182, 0.275, 0, 1
45929017, 0, 0, 1, 0, 0.125, 0.125, 0.75, 0.0, 0.2, 0, 1
11038639, 0, 0, 0, 1, 0.07692307692307693, 0.0, 0.07692307692307693, 0.8461538461538461, 0.325, 0, 1
11038655, 0, 1, 0, 0, 0.0, 0.0, 1.0, 0.0, 0.175, 1, 0
15521508, 1, 0, 0, 0, 0.0, 0.0, 0.9230769230769231, 0.07692307692307693, 0.325, 1, 0
39148631, 0, 1, 0, 0, 0.0, 0.16666666666666666, 0.0, 0.8333333333333334, 0.15, 1, 0
42773865, 1, 0, 0, 0, 0.0, 0.0, 0.0, 1.0, 0.2, 1, 0
18028495, 1, 0, 0, 0, 0.0, 0.8888888888888888, 0.1111111111111111, 0.0, 0.225, 1, 0
18028507, 1, 0, 0, 0, 0.8333333333333334, 0.16666666666666666, 0.0, 0.0, 0.3, 0, 1
15515747, 0, 1, 0, 0, 0.0, 0.0, 1.0, 0.0, 0.225, 1, 0
15515768, 0, 1, 0, 0, 0.1, 0.8, 0.0, 0.1, 0.25, 0, 1
35088907, 1, 0, 0, 0, 0.0, 0.0, 1.0, 0.0, 0.4, 1, 0
35088911, 0, 1, 0, 0, 0.0, 0.875, 0.0625, 0.0625, 0.4, 0, 1
35088917, 0, 0, 0, 1, 0.0, 0.0, 0.06666666666666667, 0.9333333333333333, 0.375, 0, 1
35088918, 0, 0, 0, 1, 0.06666666666666667, 0.0, 0.0, 0.9333333333333333, 0.375, 0, 1
35088931, 0, 0, 1, 0, 0.07142857142857142, 0.0, 0.8571428571428571, 0.07142857142857142, 0.35, 0, 1
15279065, 0, 0, 0, 1, 0.16666666666666666, 0.0, 0.0, 0.8333333333333334, 0.3, 0, 1
15279070, 0, 0, 0, 1, 0.0, 0.06666666666666667, 0.9333333333333333, 0.0, 0.375, 1, 0
15279088, 0, 0, 0, 1, 0.06666666666666667, 0.06666666666666667, 0.0, 0.8666666666666667, 0.375, 0, 1
26547684, 0, 1, 0, 0, 0.0, 0.0, 1.0, 0.0, 0.25, 1, 0
42070382, 0, 1, 0, 0, 0.0, 0.0, 0.09090909090909091, 0.9090909090909091, 0.275, 1, 0
45309475, 0, 0, 1, 0, 0.8333333333333334, 0.0, 0.0, 0.16666666666666666, 0.15, 1, 0
31000171, 1, 0, 0, 0, 0.0, 0.0, 0.125, 0.875, 0.2, 1, 0
36705614, 0, 0, 0, 1, 1.0, 0.0, 0.0, 0.0, 0.175, 1, 0
17523071, 0, 1, 0, 0, 0.46153846153846156, 0.5384615384615384, 0.0, 0.0, 0.325, 1, 0
47267872, 0, 0, 1, 0, 1.0, 0.0, 0.0, 0.0, 0.275, 1, 0
24129239, 1, 0, 0, 0, 0.0, 0.0, 1.0, 0.0, 0.40476190476190477, 1, 0
46635996, 0, 1, 0, 0, 1.0, 0.0, 0.0, 0.0, 0.21428571428571427, 1, 0
10976219, 0, 0, 1, 0, 0.0, 0.0, 0.0, 1.0, 0.21428571428571427, 1, 0
43456942, 1, 0, 0, 0, 0.07692307692307693, 0.0, 0.0, 0.9230769230769231, 0.30952380952380953, 1, 0
25489560, 0, 1, 0, 0, 0.0, 0.0, 1.0, 0.0, 0.2857142857142857, 1, 0
39605796, 0, 0, 0, 1, 1.0, 0.0, 0.0, 0.0, 0.14285714285714285, 1, 0
24918750, 1, 0, 0, 0, 0.07692307692307693, 0.0, 0.9230769230769231, 0.0, 0.30952380952380953, 1, 0
44000721, 0, 0, 0, 1, 0.0, 1.0, 0.0, 0.0, 0.23809523809523808, 1, 0
43996424, 0, 0, 0, 1, 0.0, 1.0, 0.0, 0.0, 0.14285714285714285, 1, 0
16020241, 0, 0, 1, 0, 1.0, 0.0, 0.0, 0.0, 0.2619047619047619, 1, 0
24870166, 0, 1, 0, 0, 0.0, 0.0, 1.0, 0.0, 0.38095238095238093, 1, 0
44986960, 1, 0, 0, 0, 0.0, 1.0, 0.0, 0.0, 0.23809523809523808, 1, 0
45689574, 1, 0, 0, 0, 0.42857142857142855, 0.0, 0.5714285714285714, 0.0, 0.16666666666666666, 1, 0
27231402, 0, 0, 1, 0, 1.0, 0.0, 0.0, 0.0, 0.19047619047619047, 1, 0
23107608, 1, 0, 0, 0, 0.0, 1.0, 0.0, 0.0, 0.21428571428571427, 1, 0
25324519, 0, 0, 1, 0, 1.0, 0.0, 0.0, 0.0, 0.23809523809523808, 1, 0
41897140, 0, 1, 0, 0, 0.8333333333333334, 0.08333333333333333, 0.08333333333333333, 0.0, 0.2857142857142857, 1, 0
42675968, 0, 0, 1, 0, 0.0, 1.0, 0.0, 0.0, 0.11904761904761904, 1, 0
34712507, 1, 0, 0, 0, 0.0, 0.0, 1.0, 0.0, 0.19047619047619047, 1, 0
23840537, 0, 0, 0, 1, 0.0, 0.0, 1.0, 0.0, 0.19047619047619047, 1, 0
44140060, 0, 1, 0, 0, 1.0, 0.0, 0.0, 0.0, 0.30952380952380953, 1, 0
28431157, 1, 0, 0, 0, 0.0, 0.0, 1.0, 0.0, 0.09523809523809523, 1, 0
34353914, 0, 0, 0, 1, 0.0, 0.8571428571428571, 0.14285714285714285, 0.0, 0.16666666666666666, 1, 0
43129400, 0, 0, 1, 0, 1.0, 0.0, 0.0, 0.0, 0.14285714285714285, 1, 0
15269228, 1, 0, 0, 0, 0.0, 0.0, 0.0, 1.0, 0.23809523809523808, 1, 0
33790110, 0, 0, 0, 1, 0.0, 1.0, 0.0, 0.0, 0.21428571428571427, 1, 0
23868599, 0, 1, 0, 0, 0.9, 0.0, 0.0, 0.1, 0.23809523809523808, 1, 0
35601082, 0, 1, 0, 0, 0.0, 0.0, 0.0, 1.0, 0.16666666666666666, 1, 0
18413225, 1, 0, 0, 0, 0.0, 0.0, 0.8888888888888888, 0.1111111111111111, 0.21428571428571427, 1, 0
30116035, 1, 0, 0, 0, 0.0, 1.0, 0.0, 0.0, 0.14285714285714285, 1, 0
29653426, 0, 0, 0, 1, 1.0, 0.0, 0.0, 0.0, 0.21428571428571427, 1, 0
31445736, 0, 1, 0, 0, 1.0, 0.0, 0.0, 0.0, 0.2619047619047619, 1, 0
45836260, 0, 0, 1, 0, 0.1, 0.0, 0.0, 0.9, 0.23809523809523808, 1, 0
25488607, 1, 0, 0, 0, 0.0, 0.0, 1.0, 0.0, 0.047619047619047616, 1, 0
10477434, 0, 1, 0, 0, 0.0, 0.0, 0.875, 0.125, 0.19047619047619047, 1, 0
10417563, 0, 1, 0, 0, 0.0, 0.0, 1.0, 0.0, 0.21428571428571427, 1, 0
46923814, 0, 0, 1, 0, 0.1111111111111111, 0.7777777777777778, 0.0, 0.1111111111111111, 0.21428571428571427, 1, 0
40707131, 0, 0, 1, 0, 0.0, 0.0, 0.14285714285714285, 0.8571428571428571, 0.16666666666666666, 1, 0
27211275, 1, 0, 0, 0, 0.0, 0.0, 1.0, 0.0, 0.16666666666666666, 1, 0
32124170, 0, 1, 0, 0, 0.0, 0.0, 1.0, 0.0, 0.19047619047619047, 1, 0
31641635, 0, 0, 0, 1, 1.0, 0.0, 0.0, 0.0, 0.16666666666666666, 1, 0
32068760, 0, 1, 0, 0, 1.0, 0.0, 0.0, 0.0, 0.19047619047619047, 1, 0
16606810, 0, 0, 0, 1, 0.0, 0.07692307692307693, 0.9230769230769231, 0.0, 0.30952380952380953, 1, 0
16782031, 0, 0, 1, 0, 0.0, 0.0, 0.0, 1.0, 0.19047619047619047, 1, 0
26473301, 0, 0, 0, 1, 0.0, 0.0, 1.0, 0.0, 0.23809523809523808, 1, 0
31640373, 0, 1, 0, 0, 1.0, 0.0, 0.0, 0.0, 0.11904761904761904, 1, 0
41091538, 0, 0, 1, 0, 0.0, 0.125, 0.0, 0.875, 0.19047619047619047, 1, 0
37067208, 1, 0, 0, 0, 0.1111111111111111, 0.7777777777777778, 0.0, 0.1111111111111111, 0.21428571428571427, 1, 0
15478503, 1, 0, 0, 0, 0.45454545454545453, 0.0, 0.0, 0.5454545454545454, 0.2619047619047619, 1, 0
30495643, 0, 0, 0, 1, 0.6923076923076923, 0.0, 0.0, 0.3076923076923077, 0.30952380952380953, 1, 0
21860957, 1, 0, 0, 0, 0.0, 0.0, 1.0, 0.0, 0.11904761904761904, 1, 0
32651788, 0, 0, 1, 0, 0.0, 0.0, 0.0, 1.0, 0.07142857142857142, 1, 0
27109275, 1, 0, 0, 0, 0.16666666666666666, 0.8333333333333334, 0.0, 0.0, 0.14285714285714285, 1, 0
32853100, 0, 0, 0, 1, 0.0, 0.9, 0.0, 0.1, 0.23809523809523808, 1, 0
22929047, 1, 0, 0, 0, 0.0, 0.0, 1.0, 0.0, 0.3333333333333333, 1, 0
18778699, 1, 0, 0, 0, 0.0, 0.0, 1.0, 0.0, 0.2619047619047619, 1, 0
17033706, 0, 1, 0, 0, 0.0, 0.0, 0.0, 1.0, 0.11904761904761904, 1, 0
25968164, 0, 1, 0, 0, 0.0, 0.0, 1.0, 0.0, 0.16666666666666666, 1, 0
27244651, 0, 1, 0, 0, 0.0, 0.0, 1.0, 0.0, 0.07142857142857142, 1, 0
35487389, 0, 0, 0, 1, 0.9285714285714286, 0.0, 0.0, 0.07142857142857142, 0.3333333333333333, 1, 0
41572104, 0, 0, 0, 1, 0.0, 0.0, 1.0, 0.0, 0.2619047619047619, 1, 0
41151566, 0, 1, 0, 0, 0.0, 0.0, 1.0, 0.0, 0.23809523809523808, 1, 0
35961489, 0, 1, 0, 0, 0.0, 0.0, 0.8888888888888888, 0.1111111111111111, 0.21428571428571427, 1, 0
23776987, 0, 0, 1, 0, 0.0, 1.0, 0.0, 0.0, 0.2619047619047619, 1, 0
37596746, 0, 0, 1, 0, 0.7777777777777778, 0.0, 0.2222222222222222, 0.0, 0.21428571428571427, 1, 0
39164387, 1, 0, 0, 0, 0.0, 1.0, 0.0, 0.0, 0.2857142857142857, 1, 0
31350724, 1, 0, 0, 0, 0.0, 1.0, 0.0, 0.0, 0.16666666666666666, 1, 0
42741896, 0, 0, 0, 1, 1.0, 0.0, 0.0, 0.0, 0.19047619047619047, 1, 0
18997203, 0, 0, 0, 1, 0.0, 1.0, 0.0, 0.0, 0.11904761904761904, 1, 0
39692755, 0, 0, 0, 1, 1.0, 0.0, 0.0, 0.0, 0.23809523809523808, 1, 0
10530151, 0, 1, 0, 0, 0.0, 0.16666666666666666, 0.0, 0.8333333333333334, 0.14285714285714285, 1, 0
34754733, 0, 0, 1, 0, 0.0, 1.0, 0.0, 0.0, 0.14285714285714285, 1, 0
47438246, 0, 0, 0, 1, 0.0, 0.0, 1.0, 0.0, 0.2857142857142857, 1, 0
15227123, 0, 0, 0, 1, 1.0, 0.0, 0.0, 0.0, 0.30952380952380953, 1, 0
34030102, 0, 0, 1, 0, 0.1111111111111111, 0.7777777777777778, 0.1111111111111111, 0.0, 0.21428571428571427, 1, 0
19032677, 1, 0, 0, 0, 0.0, 0.0, 1.0, 0.0, 0.23809523809523808, 1, 0
32589534, 1, 0, 0, 0, 0.0, 1.0, 0.0, 0.0, 0.09523809523809523, 1, 0
34168542, 0, 1, 0, 0, 0.0, 0.0, 0.0, 1.0, 0.23809523809523808, 1, 0
22624816, 0, 1, 0, 0, 0.0, 0.0, 0.0, 1.0, 0.19047619047619047, 1, 0
16161882, 1, 0, 0, 0, 0.0, 0.0, 0.0, 1.0, 0.21428571428571427, 1, 0
15125894, 0, 1, 0, 0, 0.0, 0.0, 0.0625, 0.9375, 0.36363636363636365, 1, 0
23049919, 1, 0, 0, 0, 0.0, 1.0, 0.0, 0.0, 0.3409090909090909, 1, 0
46556261, 0, 1, 0, 0, 0.0, 0.0, 0.0, 1.0, 0.22727272727272727, 1, 0
41510805, 0, 0, 1, 0, 1.0, 0.0, 0.0, 0.0, 0.22727272727272727, 1, 0
19463782, 0, 0, 0, 1, 0.0, 0.0, 1.0, 0.0, 0.11363636363636363, 1, 0
32707293, 0, 0, 0, 1, 0.0, 0.1111111111111111, 0.8888888888888888, 0.0, 0.20454545454545456, 1, 0
41856880, 0, 1, 0, 0, 1.0, 0.0, 0.0, 0.0, 0.18181818181818182, 1, 0
26036947, 0, 0, 1, 0, 1.0, 0.0, 0.0, 0.0, 0.13636363636363635, 1, 0
10496587, 1, 0, 0, 0, 0.0, 0.0, 0.9230769230769231, 0.07692307692307693, 0.29545454545454547, 1, 0
26292603, 1, 0, 0, 0, 0.0, 0.0, 1.0, 0.0, 0.2727272727272727, 1, 0
43008904, 0, 1, 0, 0, 0.0, 0.0, 1.0, 0.0, 0.18181818181818182, 1, 0
22830118, 0, 1, 0, 0, 1.0, 0.0, 0.0, 0.0, 0.1590909090909091, 1, 0
24947904, 0, 1, 0, 0, 0.0, 0.0, 0.0, 1.0, 0.29545454545454547, 1, 0
41670497, 0, 0, 1, 0, 1.0, 0.0, 0.0, 0.0, 0.18181818181818182, 1, 0
42052476, 0, 1, 0, 0, 0.9, 0.1, 0.0, 0.0, 0.22727272727272727, 1, 0
17715447, 0, 0, 0, 1, 0.1, 0.9, 0.0, 0.0, 0.22727272727272727, 1, 0
21250690, 1, 0, 0, 0, 0.0, 1.0, 0.0, 0.0, 0.18181818181818182, 1, 0
21216039, 1, 0, 0, 0, 0.125, 0.0, 0.875, 0.0, 0.18181818181818182, 1, 0
25007053, 0, 1, 0, 0, 0.0, 0.09090909090909091, 0.0, 0.9090909090909091, 0.25, 1, 0
22515674, 1, 0, 0, 0, 0.0, 0.0, 1.0, 0.0, 0.1590909090909091, 1, 0
21958850, 0, 0, 0, 1, 1.0, 0.0, 0.0, 0.0, 0.20454545454545456, 1, 0
9720894, 0, 0, 1, 0, 0.9230769230769231, 0.0, 0.07692307692307693, 0.0, 0.29545454545454547, 1, 0
10562961, 1, 0, 0, 0, 0.1, 0.0, 0.9, 0.0, 0.22727272727272727, 1, 0
24966001, 1, 0, 0, 0, 0.0, 0.0, 1.0, 0.0, 0.09090909090909091, 1, 0
38150937, 0, 0, 0, 1, 0.0, 1.0, 0.0, 0.0, 0.09090909090909091, 1, 0
29942325, 1, 0, 0, 0, 0.0, 0.0, 0.0, 1.0, 0.1590909090909091, 1, 0
26723971, 1, 0, 0, 0, 0.0, 1.0, 0.0, 0.0, 0.29545454545454547, 1, 0
26079119, 0, 0, 1, 0, 0.0, 1.0, 0.0, 0.0, 0.18181818181818182, 1, 0
17278197, 1, 0, 0, 0, 0.0, 0.9230769230769231, 0.07692307692307693, 0.0, 0.29545454545454547, 1, 0
19760013, 0, 0, 1, 0, 0.0, 0.9090909090909091, 0.0, 0.09090909090909091, 0.25, 1, 0
26090263, 0, 1, 0, 0, 0.0, 0.0, 1.0, 0.0, 0.29545454545454547, 1, 0
40291470, 0, 1, 0, 0, 0.8181818181818182, 0.09090909090909091, 0.0, 0.09090909090909091, 0.25, 1, 0
20301884, 0, 0, 1, 0, 0.0, 0.0, 0.0, 1.0, 0.13636363636363635, 1, 0
28786401, 0, 0, 0, 1, 0.0, 1.0, 0.0, 0.0, 0.22727272727272727, 1, 0
38038874, 0, 0, 0, 1, 0.8181818181818182, 0.09090909090909091, 0.0, 0.09090909090909091, 0.25, 1, 0
28220609, 0, 1, 0, 0, 1.0, 0.0, 0.0, 0.0, 0.11363636363636363, 1, 0
17663184, 0, 1, 0, 0, 0.0, 0.1, 0.9, 0.0, 0.22727272727272727, 1, 0
18447181, 1, 0, 0, 0, 0.16666666666666666, 0.0, 0.0, 0.8333333333333334, 0.13636363636363635, 1, 0
27220577, 0, 1, 0, 0, 0.125, 0.0, 0.875, 0.0, 0.18181818181818182, 1, 0
42025011, 0, 0, 0, 1, 1.0, 0.0, 0.0, 0.0, 0.18181818181818182, 1, 0
31557058, 0, 1, 0, 0, 0.0, 0.0, 0.0, 1.0, 0.1590909090909091, 1, 0
23156595, 0, 0, 1, 0, 0.0625, 0.875, 0.0625, 0.0, 0.36363636363636365, 1, 0
17699206, 0, 1, 0, 0, 1.0, 0.0, 0.0, 0.0, 0.20454545454545456, 1, 0
46933067, 0, 0, 1, 0, 1.0, 0.0, 0.0, 0.0, 0.20454545454545456, 1, 0
47074560, 1, 0, 0, 0, 0.0, 1.0, 0.0, 0.0, 0.1590909090909091, 1, 0
23059374, 0, 0, 1, 0, 0.0, 0.0, 0.0, 1.0, 0.18181818181818182, 1, 0
28531603, 0, 0, 0, 1, 0.0, 1.0, 0.0, 0.0, 0.06818181818181818, 1, 0
42367506, 0, 0, 0, 1, 1.0, 0.0, 0.0, 0.0, 0.22727272727272727, 1, 0
24093164, 1, 0, 0, 0, 0.0, 0.0, 1.0, 0.0, 0.20454545454545456, 1, 0
35949992, 0, 0, 0, 1, 1.0, 0.0, 0.0, 0.0, 0.29545454545454547, 1, 0
10568269, 1, 0, 0, 0, 0.0, 0.0, 0.8333333333333334, 0.16666666666666666, 0.13636363636363635, 1, 0
9675915, 0, 0, 0, 1, 0.0, 0.7, 0.0, 0.3, 0.22727272727272727, 1, 0
28306004, 0, 1, 0, 0, 0.0, 0.0, 1.0, 0.0, 0.1590909090909091, 1, 0
33953731, 0, 0, 1, 0, 1.0, 0.0, 0.0, 0.0, 0.25, 1, 0
34717274, 0, 0, 1, 0, 0.5555555555555556, 0.0, 0.4444444444444444, 0.0, 0.20454545454545456, 1, 0
15582767, 1, 0, 0, 0, 0.0, 0.9411764705882353, 0.058823529411764705, 0.0, 0.38636363636363635, 1, 0
43515994, 0, 1, 0, 0, 0.0, 0.0, 1.0, 0.0, 0.22727272727272727, 1, 0
28646160, 1, 0, 0, 0, 0.0, 0.875, 0.0, 0.125, 0.18181818181818182, 1, 0
36472829, 0, 1, 0, 0, 0.0, 0.0, 0.0, 1.0, 0.18181818181818182, 1, 0
36102160, 1, 0, 0, 0, 0.0, 0.9375, 0.0, 0.0625, 0.36363636363636365, 1, 0
22387574, 1, 0, 0, 0, 0.0, 1.0, 0.0, 0.0, 0.11363636363636363, 1, 0
32819954, 0, 0, 1, 0, 0.8333333333333334, 0.16666666666666666, 0.0, 0.0, 0.13636363636363635, 1, 0
37612955, 0, 1, 0, 0, 0.0, 0.0, 0.0, 1.0, 0.13636363636363635, 1, 0
15022807, 0, 0, 1, 0, 1.0, 0.0, 0.0, 0.0, 0.2727272727272727, 1, 0
43435516, 0, 0, 1, 0, 0.0, 1.0, 0.0, 0.0, 0.20454545454545456, 1, 0
22403336, 0, 0, 0, 1, 0.9090909090909091, 0.09090909090909091, 0.0, 0.0, 0.25, 1, 0
28292127, 0, 1, 0, 0, 0.0, 0.0, 1.0, 0.0, 0.3409090909090909, 1, 0
21147566, 1, 0, 0, 0, 0.0, 0.0, 1.0, 0.0, 0.13636363636363635, 1, 0
46722921, 1, 0, 0, 0, 0.0, 0.0, 0.8461538461538461, 0.15384615384615385, 0.29545454545454547, 1, 0
29317621, 1, 0, 0, 0, 0.4, 0.0, 0.6, 0.0, 0.11363636363636363, 1, 0
41027951, 0, 1, 0, 0, 0.0, 0.0, 1.0, 0.0, 0.20454545454545456, 1, 0
45053212, 0, 0, 0, 1, 0.1, 0.1, 0.8, 0.0, 0.22727272727272727, 1, 0
22335217, 0, 0, 0, 1, 0.0, 0.0, 1.0, 0.0, 0.22727272727272727, 1, 0
36182742, 0, 0, 0, 1, 0.0, 0.0, 1.0, 0.0, 0.18181818181818182, 1, 0
38627110, 1, 0, 0, 0, 0.0, 0.0, 0.0, 1.0, 0.18181818181818182, 1, 0
10807590, 0, 0, 1, 0, 0.0, 1.0, 0.0, 0.0, 0.13636363636363635, 1, 0
24456561, 1, 0, 0, 0, 0.0, 1.0, 0.0, 0.0, 0.2727272727272727, 1, 0
38617540, 0, 0, 1, 0, 0.0, 0.0, 0.0, 1.0, 0.20454545454545456, 1, 0
46362519, 0, 0, 1, 0, 1.0, 0.0, 0.0, 0.0, 0.36363636363636365, 1, 0
17963910, 0, 1, 0, 0, 0.0, 0.09090909090909091, 0.9090909090909091, 0.0, 0.25, 1, 0
17187021, 0, 0, 1, 0, 0.0, 0.8571428571428571, 0.14285714285714285, 0.0, 0.1590909090909091, 1, 0
29589577, 0, 0, 1, 0, 0.1, 0.9, 0.0, 0.0, 0.22727272727272727, 1, 0
18294577, 0, 0, 1, 0, 0.0, 1.0, 0.0, 0.0, 0.11363636363636363, 1, 0
22786790, 0, 0, 1, 0, 0.0, 1.0, 0.0, 0.0, 0.25, 1, 0
38789051, 0, 1, 0, 0, 1.0, 0.0, 0.0, 0.0, 0.22727272727272727, 1, 0
21967599, 1, 0, 0, 0, 0.0, 0.0, 0.0, 1.0, 0.29545454545454547, 1, 0
25293155, 1, 0, 0, 0, 0.0, 1.0, 0.0, 0.0, 0.25, 1, 0
20417130, 0, 0, 0, 1, 0.0, 0.7777777777777778, 0.0, 0.2222222222222222, 0.20454545454545456, 1, 0
14876914, 1, 0, 0, 0, 0.0, 0.0, 1.0, 0.0, 0.25, 1, 0
44011087, 0, 0, 0, 1, 0.0, 1.0, 0.0, 0.0, 0.20454545454545456, 1, 0
15553838, 0, 0, 1, 0, 0.875, 0.0, 0.125, 0.0, 0.18181818181818182, 1, 0
34714149, 0, 0, 1, 0, 0.8333333333333334, 0.0, 0.16666666666666666, 0.0, 0.13636363636363635, 1, 0
29952471, 1, 0, 0, 0, 0.0, 0.0, 1.0, 0.0, 0.18181818181818182, 1, 0
27891662, 1, 0, 0, 0, 0.0, 0.75, 0.25, 0.0, 0.09090909090909091, 1, 0
42524239, 1, 0, 0, 0, 0.0, 0.0, 0.0, 1.0, 0.2727272727272727, 1, 0
25700940, 0, 1, 0, 0, 0.0, 0.1, 0.1, 0.8, 0.22727272727272727, 1, 0
45638671, 1, 0, 0, 0, 0.0, 1.0, 0.0, 0.0, 0.20454545454545456, 1, 0
19744012, 1, 0, 0, 0, 0.0, 0.0, 1.0, 0.0, 0.22727272727272727, 1, 0
29336284, 0, 0, 0, 1, 0.3333333333333333, 0.0, 0.0, 0.6666666666666666, 0.13636363636363635, 1, 0
37880596, 0, 0, 1, 0, 0.0, 0.9230769230769231, 0.07692307692307693, 0.0, 0.29545454545454547, 1, 0
44109664, 0, 0, 1, 0, 0.0, 0.0, 0.0, 1.0, 0.11363636363636363, 1, 0
46020846, 0, 0, 0, 1, 0.7, 0.0, 0.0, 0.3, 0.22727272727272727, 1, 0
18717262, 0, 0, 0, 1, 0.0, 0.0, 0.8571428571428571, 0.14285714285714285, 0.1590909090909091, 1, 0
46271389, 1, 0, 0, 0, 0.0, 1.0, 0.0, 0.0, 0.09090909090909091, 1, 0
25269402, 0, 1, 0, 0, 0.0, 0.0, 0.0, 1.0, 0.2727272727272727, 1, 0
30490995, 1, 0, 0, 0, 0.0, 0.0, 1.0, 0.0, 0.11363636363636363, 1, 0
25675934, 1, 0, 0, 0, 0.0, 0.09090909090909091, 0.09090909090909091, 0.8181818181818182, 0.25, 1, 0
21627237, 0, 1, 0, 0, 0.0, 0.0, 1.0, 0.0, 0.11363636363636363, 1, 0
26669834, 0, 1, 0, 0, 1.0, 0.0, 0.0, 0.0, 0.06818181818181818, 1, 0
40878767, 0, 0, 1, 0, 0.9, 0.0, 0.1, 0.0, 0.22727272727272727, 1, 0
28850479, 0, 0, 1, 0, 0.0, 0.0, 0.07692307692307693, 0.9230769230769231, 0.29545454545454547, 1, 0
20921160, 1, 0, 0, 0, 0.0, 1.0, 0.0, 0.0, 0.06818181818181818, 1, 0
27353736, 0, 1, 0, 0, 0.8888888888888888, 0.0, 0.05555555555555555, 0.05555555555555555, 0.4090909090909091, 1, 0
22925313, 0, 1, 0, 0, 0.125, 0.0, 0.0, 0.875, 0.18181818181818182, 1, 0
9880498, 0, 1, 0, 0, 0.0, 0.07142857142857142, 0.0, 0.9285714285714286, 0.3181818181818182, 1, 0
33894881, 1, 0, 0, 0, 0.0, 0.9166666666666666, 0.08333333333333333, 0.0, 0.2727272727272727, 1, 0
17514729, 0, 0, 0, 1, 1.0, 0.0, 0.0, 0.0, 0.045454545454545456, 1, 0
29673100, 0, 1, 0, 0, 1.0, 0.0, 0.0, 0.0, 0.29545454545454547, 1, 0
47980243, 0, 0, 0, 1, 0.0, 0.0, 1.0, 0.0, 0.25, 1, 0
19462939, 0, 0, 1, 0, 0.0, 0.0, 0.14285714285714285, 0.8571428571428571, 0.1590909090909091, 1, 0
29412017, 1, 0, 0, 0, 0.25, 0.0, 0.75, 0.0, 0.09090909090909091, 1, 0
15185756, 0, 1, 0, 0, 0.0, 0.0, 1.0, 0.0, 0.36363636363636365, 1, 0
18975992, 0, 0, 0, 1, 0.0, 1.0, 0.0, 0.0, 0.1590909090909091, 1, 0
37529066, 0, 0, 0, 1, 0.0, 0.0, 1.0, 0.0, 0.1590909090909091, 1, 0
40115101, 0, 1, 0, 0, 1.0, 0.0, 0.0, 0.0, 0.045454545454545456, 1, 0
37109165, 1, 0, 0, 0, 0.0, 0.0, 0.1, 0.9, 0.22727272727272727, 1, 0
39138946, 0, 0, 1, 0, 0.0, 1.0, 0.0, 0.0, 0.38636363636363635, 1, 0
31232341, 1, 0, 0, 0, 0.08333333333333333, 0.0, 0.0, 0.9166666666666666, 0.2727272727272727, 1, 0
32870982, 1, 0, 0, 0, 0.0, 1.0, 0.0, 0.0, 0.3181818181818182, 1, 0
44262182, 0, 0, 1, 0, 0.0, 0.0, 0.6666666666666666, 0.3333333333333333, 0.2727272727272727, 1, 0
29313746, 1, 0, 0, 0, 1.0, 0.0, 0.0, 0.0, 0.11363636363636363, 1, 0
31767648, 0, 0, 1, 0, 0.1111111111111111, 0.8888888888888888, 0.0, 0.0, 0.20454545454545456, 1, 0
34758313, 0, 0, 1, 0, 1.0, 0.0, 0.0, 0.0, 0.11363636363636363, 1, 0
26400301, 0, 0, 0, 1, 0.0, 1.0, 0.0, 0.0, 0.13636363636363635, 1, 0
44207589, 0, 0, 1, 0, 0.0, 0.8, 0.2, 0.0, 0.11363636363636363, 1, 0
40567379, 0, 0, 1, 0, 0.0, 1.0, 0.0, 0.0, 0.22727272727272727, 1, 0
15824231, 0, 0, 0, 1, 0.0, 0.875, 0.0, 0.125, 0.18181818181818182, 1, 0
19350773, 0, 0, 1, 0, 0.0, 0.5, 0.5, 0.0, 0.22727272727272727, 1, 0
40961290, 0, 1, 0, 0, 0.4666666666666667, 0.5333333333333333, 0.0, 0.0, 0.3409090909090909, 1, 0
26997270, 0, 1, 0, 0, 0.0, 0.0, 1.0, 0.0, 0.13636363636363635, 1, 0
39409721, 0, 0, 1, 0, 0.0, 0.8888888888888888, 0.1111111111111111, 0.0, 0.20454545454545456, 1, 0
25954125, 0, 1, 0, 0, 1.0, 0.0, 0.0, 0.0, 0.3181818181818182, 1, 0
21424491, 0, 1, 0, 0, 0.0, 0.1, 0.0, 0.9, 0.22727272727272727, 1, 0
15816825, 1, 0, 0, 0, 0.0, 1.0, 0.0, 0.0, 0.13636363636363635, 1, 0
33190784, 0, 0, 0, 1, 0.0, 0.2222222222222222, 0.0, 0.7777777777777778, 0.20454545454545456, 1, 0
23302908, 0, 0, 1, 0, 0.125, 0.0, 0.0, 0.875, 0.18181818181818182, 1, 0
48005826, 0, 1, 0, 0, 0.0, 0.0, 0.0, 1.0, 0.06818181818181818, 1, 0
35158607, 1, 0, 0, 0, 0.0, 0.0, 0.0, 1.0, 0.13636363636363635, 1, 0
34114971, 0, 0, 0, 1, 0.0, 0.8571428571428571, 0.14285714285714285, 0.0, 0.1590909090909091, 1, 0
9925995, 0, 0, 1, 0, 0.0, 0.0, 0.0, 1.0, 0.045454545454545456, 1, 0
28099252, 1, 0, 0, 0, 0.0, 0.875, 0.125, 0.0, 0.18181818181818182, 1, 0
38857245, 0, 1, 0, 0, 1.0, 0.0, 0.0, 0.0, 0.13636363636363635, 1, 0
30807907, 0, 0, 1, 0, 0.1111111111111111, 0.0, 0.0, 0.8888888888888888, 0.20454545454545456, 1, 0
27999452, 0, 1, 0, 0, 0.125, 0.125, 0.75, 0.0, 0.18181818181818182, 1, 0
18010941, 0, 0, 1, 0, 0.8571428571428571, 0.0, 0.14285714285714285, 0.0, 0.1590909090909091, 1, 0
25168259, 0, 0, 0, 1, 0.0, 0.0, 0.875, 0.125, 0.18181818181818182, 1, 0
35661050, 0, 0, 1, 0, 0.75, 0.0, 0.25, 0.0, 0.09090909090909091, 1, 0
24235175, 0, 0, 1, 0, 0.14285714285714285, 0.8571428571428571, 0.0, 0.0, 0.1590909090909091, 1, 0
21284684, 0, 0, 0, 1, 1.0, 0.0, 0.0, 0.0, 0.11363636363636363, 1, 0
41216613, 1, 0, 0, 0, 0.07142857142857142, 0.9285714285714286, 0.0, 0.0, 0.3181818181818182, 1, 0
29573587, 1, 0, 0, 0, 0.0, 0.0, 0.0, 1.0, 0.20454545454545456, 1, 0
17054448, 1, 0, 0, 0, 0.08333333333333333, 0.8333333333333334, 0.0, 0.08333333333333333, 0.2727272727272727, 1, 0
35903330, 1, 0, 0, 0, 0.0, 0.09090909090909091, 0.0, 0.9090909090909091, 0.25, 1, 0
33747894, 1, 0, 0, 0, 0.0, 0.0, 0.0, 1.0, 0.11363636363636363, 1, 0
16541370, 0, 0, 1, 0, 0.0, 1.0, 0.0, 0.0, 0.1590909090909091, 1, 0
18010958, 1, 0, 0, 0, 0.6, 0.0, 0.0, 0.4, 0.11363636363636363, 1, 0
33232229, 0, 1, 0, 0, 0.0, 0.0, 0.0, 1.0, 0.11363636363636363, 1, 0
10453124, 1, 0, 0, 0, 0.0, 0.0, 0.16666666666666666, 0.8333333333333334, 0.13636363636363635, 1, 0
26635425, 0, 0, 1, 0, 0.0, 0.8888888888888888, 0.0, 0.1111111111111111, 0.20454545454545456, 1, 0
16370146, 0, 0, 1, 0, 0.0, 1.0, 0.0, 0.0, 0.2727272727272727, 1, 0
29282914, 0, 0, 1, 0, 0.8888888888888888, 0.1111111111111111, 0.0, 0.0, 0.20454545454545456, 1, 0
44096012, 0, 0, 1, 0, 0.0, 0.0, 0.0, 1.0, 0.22727272727272727, 1, 0
31157468, 1, 0, 0, 0, 0.0, 0.0, 0.07692307692307693, 0.9230769230769231, 0.29545454545454547, 1, 0
19499457, 0, 0, 0, 1, 0.9230769230769231, 0.0, 0.0, 0.07692307692307693, 0.29545454545454547, 1, 0
27250193, 0, 1, 0, 0, 0.8888888888888888, 0.0, 0.0, 0.1111111111111111, 0.20454545454545456, 1, 0
41287783, 0, 0, 0, 1, 1.0, 0.0, 0.0, 0.0, 0.09090909090909091, 1, 0
14724702, 0, 1, 0, 0, 0.0, 0.0, 0.0, 1.0, 0.3409090909090909, 1, 0
32526335, 0, 0, 0, 1, 1.0, 0.0, 0.0, 0.0, 0.1590909090909091, 1, 0
20287023, 0, 1, 0, 0, 0.0, 0.1111111111111111, 0.0, 0.8888888888888888, 0.20454545454545456, 1, 0
45301760, 0, 0, 0, 1, 0.0, 0.0, 0.2857142857142857, 0.7142857142857143, 0.1590909090909091, 1, 0
44267615, 0, 0, 0, 1, 0.3333333333333333, 0.0, 0.6666666666666666, 0.0, 0.06818181818181818, 1, 0
30597856, 0, 0, 0, 1, 0.0, 0.0, 1.0, 0.0, 0.2727272727272727, 1, 0
19175627, 1, 0, 0, 0, 0.16666666666666666, 0.6666666666666666, 0.0, 0.16666666666666666, 0.13636363636363635, 1, 0
10033759, 0, 0, 0, 1, 0.8571428571428571, 0.0, 0.0, 0.14285714285714285, 0.1590909090909091, 1, 0
48081823, 0, 1, 0, 0, 0.0, 0.0, 0.0, 1.0, 0.20454545454545456, 1, 0
36769337, 0, 1, 0, 0, 0.0, 0.2727272727272727, 0.7272727272727273, 0.0, 0.25, 1, 0
16981203, 0, 0, 0, 1, 0.0, 1.0, 0.0, 0.0, 0.3181818181818182, 1, 0
36368713, 0, 0, 1, 0, 0.0, 0.0, 0.0, 1.0, 0.25, 1, 0
39550935, 0, 0, 1, 0, 0.0, 0.0, 0.0, 1.0, 0.09090909090909091, 1, 0
21987072, 0, 0, 1, 0, 1.0, 0.0, 0.0, 0.0, 0.1590909090909091, 1, 0
31145753, 0, 1, 0, 0, 0.9166666666666666, 0.0, 0.08333333333333333, 0.0, 0.2727272727272727, 1, 0
19785197, 0, 1, 0, 0, 0.0, 0.07142857142857142, 0.07142857142857142, 0.8571428571428571, 0.3181818181818182, 1, 0
10462158, 0, 0, 0, 1, 1.0, 0.0, 0.0, 0.0, 0.3181818181818182, 1, 0
47675607, 0, 0, 1, 0, 0.0, 0.0, 0.1111111111111111, 0.8888888888888888, 0.20454545454545456, 1, 0
45446626, 0, 1, 0, 0, 0.0, 0.125, 0.0, 0.875, 0.18181818181818182, 1, 0
35024428, 1, 0, 0, 0, 0.0, 0.1, 0.0, 0.9, 0.22727272727272727, 1, 0
26809320, 1, 0, 0, 0, 0.09090909090909091, 0.0, 0.0, 0.9090909090909091, 0.25, 1, 0
39005167, 1, 0, 0, 0, 0.0, 1.0, 0.0, 0.0, 0.22727272727272727, 1, 0
36848178, 0, 1, 0, 0, 0.0, 0.0, 1.0, 0.0, 0.09090909090909091, 1, 0
28821955, 0, 0, 1, 0, 0.0, 0.9, 0.1, 0.0, 0.22727272727272727, 1, 0
42409374, 0, 0, 0, 1, 0.0, 0.09090909090909091, 0.9090909090909091, 0.0, 0.25, 1, 0
40494529, 0, 0, 1, 0, 0.75, 0.0, 0.125, 0.125, 0.18181818181818182, 1, 0
33931017, 0, 1, 0, 0, 0.0, 0.0, 0.9333333333333333, 0.06666666666666667, 0.3409090909090909, 1, 0
36618112, 0, 0, 1, 0, 0.0, 0.0, 0.0, 1.0, 0.2727272727272727, 1, 0
38927114, 0, 0, 0, 1, 0.0, 0.0, 1.0, 0.0, 0.3181818181818182, 1, 0
40011635, 0, 0, 0, 1, 0.09090909090909091, 0.9090909090909091, 0.0, 0.0, 0.25, 1, 0
36003883, 0, 0, 0, 1, 0.0, 1.0, 0.0, 0.0, 0.18181818181818182, 1, 0
22362626, 0, 0, 1, 0, 0.2, 0.6, 0.2, 0.0, 0.11363636363636363, 1, 0
40464032, 0, 1, 0, 0, 0.9090909090909091, 0.09090909090909091, 0.0, 0.0, 0.25, 1, 0
45179326, 0, 1, 0, 0, 0.07692307692307693, 0.0, 0.9230769230769231, 0.0, 0.29545454545454547, 1, 0
40311759, 0, 0, 0, 1, 0.0, 0.0, 1.0, 0.0, 0.13636363636363635, 1, 0
36844777, 0, 1, 0, 0, 0.0, 0.08333333333333333, 0.0, 0.9166666666666666, 0.2727272727272727, 1, 0
15069402, 0, 0, 1, 0, 0.8333333333333334, 0.16666666666666666, 0.0, 0.0, 0.2727272727272727, 1, 0
30158944, 1, 0, 0, 0, 0.08333333333333333, 0.8333333333333334, 0.08333333333333333, 0.0, 0.2727272727272727, 1, 0
17800780, 0, 1, 0, 0, 0.06666666666666667, 0.0, 0.0, 0.9333333333333333, 0.3409090909090909, 1, 0
17013174, 0, 1, 0, 0, 0.0, 0.16666666666666666, 0.0, 0.8333333333333334, 0.2727272727272727, 1, 0
14640613, 0, 1, 0, 0, 0.0, 0.25, 0.75, 0.0, 0.18181818181818182, 1, 0
14664740, 0, 0, 0, 1, 0.5, 0.0, 0.0, 0.5, 0.13636363636363635, 1, 0
19057473, 0, 1, 0, 0, 0.0, 0.14285714285714285, 0.0, 0.8571428571428571, 0.1590909090909091, 1, 0
45380750, 0, 0, 1, 0, 0.0, 0.0, 0.3, 0.7, 0.22727272727272727, 1, 0
38998743, 0, 0, 0, 1, 0.0, 1.0, 0.0, 0.0, 0.2727272727272727, 1, 0
35388138, 0, 0, 1, 0, 0.0, 0.875, 0.125, 0.0, 0.18181818181818182, 1, 0
10469915, 1, 0, 0, 0, 0.0, 0.8333333333333334, 0.16666666666666666, 0.0, 0.13636363636363635, 1, 0
40255088, 1, 0, 0, 0, 0.2, 0.8, 0.0, 0.0, 0.11363636363636363, 1, 0
16013256, 1, 0, 0, 0, 0.0, 0.0, 0.0, 1.0, 0.3181818181818182, 1, 0
22539715, 0, 1, 0, 0, 0.0, 0.0, 1.0, 0.0, 0.3181818181818182, 1, 0
14535266, 1, 0, 0, 0, 0.0, 0.8, 0.0, 0.2, 0.11363636363636363, 1, 0
47775150, 0, 1, 0, 0, 0.0, 0.0, 0.0, 1.0, 0.09090909090909091, 1, 0
45960734, 0, 0, 1, 0, 0.0, 0.9166666666666666, 0.0, 0.08333333333333333, 0.2727272727272727, 1, 0
24924912, 0, 0, 0, 1, 0.0, 0.0, 1.0, 0.0, 0.38636363636363635, 1, 0
45328404, 0, 0, 0, 1, 0.0, 1.0, 0.0, 0.0, 0.11363636363636363, 1, 0
44884592, 0, 0, 1, 0, 1.0, 0.0, 0.0, 0.0, 0.3409090909090909, 1, 0
22424572, 0, 0, 0, 1, 0.6, 0.0, 0.0, 0.4, 0.22727272727272727, 1, 0
29893010, 0, 0, 1, 0, 0.07692307692307693, 0.9230769230769231, 0.0, 0.0, 0.29545454545454547, 1, 0
20451349, 0, 1, 0, 0, 0.0, 0.0, 0.875, 0.125, 0.18181818181818182, 1, 0
26193636, 0, 0, 1, 0, 0.8888888888888888, 0.0, 0.1111111111111111, 0.0, 0.20454545454545456, 1, 0
30240614, 1, 0, 0, 0, 0.0, 0.2, 0.8, 0.0, 0.11363636363636363, 1, 0
44793278, 0, 0, 1, 0, 1.0, 0.0, 0.0, 0.0, 0.29545454545454547, 1, 0
26476309, 0, 0, 1, 0, 0.0, 0.0, 0.0, 1.0, 0.29545454545454547, 1, 0
10772317, 0, 1, 0, 0, 0.2857142857142857, 0.7142857142857143, 0.0, 0.0, 0.1590909090909091, 1, 0
41806623, 0, 1, 0, 0, 0.0, 0.0, 0.08333333333333333, 0.9166666666666666, 0.2727272727272727, 1, 0
29394973, 1, 0, 0, 0, 0.3333333333333333, 0.6666666666666666, 0.0, 0.0, 0.13636363636363635, 1, 0
35969338, 1, 0, 0, 0, 0.0, 0.0, 0.0, 1.0, 0.09090909090909091, 1, 0
18448836, 0, 1, 0, 0, 0.0, 0.0, 0.8571428571428571, 0.14285714285714285, 0.1590909090909091, 1, 0
11102104, 0, 0, 0, 1, 0.8888888888888888, 0.1111111111111111, 0.0, 0.0, 0.20454545454545456, 1, 0
36734091, 1, 0, 0, 0, 0.18181818181818182, 0.8181818181818182, 0.0, 0.0, 0.25, 1, 0
10705009, 1, 0, 0, 0, 0.0, 0.0, 0.0, 1.0, 0.22727272727272727, 1, 0
36145121, 1, 0, 0, 0, 0.09090909090909091, 0.0, 0.8181818181818182, 0.09090909090909091, 0.25, 1, 0
40583397, 1, 0, 0, 0, 0.14285714285714285, 0.8571428571428571, 0.0, 0.0, 0.1590909090909091, 1, 0
37535274, 0, 0, 1, 0, 0.0, 0.0, 0.0, 1.0, 0.1590909090909091, 1, 0
24843837, 0, 1, 0, 0, 0.8571428571428571, 0.0, 0.14285714285714285, 0.0, 0.1590909090909091, 1, 0
22787258, 0, 1, 0, 0, 0.1, 0.0, 0.9, 0.0, 0.22727272727272727, 1, 0
23030238, 0, 1, 0, 0, 0.0, 0.0, 0.125, 0.875, 0.18181818181818182, 1, 0
39914010, 0, 0, 0, 1, 0.0, 0.125, 0.875, 0.0, 0.18181818181818182, 1, 0
33458534, 0, 0, 0, 1, 0.0, 1.0, 0.0, 0.0, 0.36363636363636365, 1, 0
28060359, 0, 0, 1, 0, 0.0, 1.0, 0.0, 0.0, 0.29545454545454547, 1, 0
19186537, 0, 1, 0, 0, 0.0, 0.0, 0.07142857142857142, 0.9285714285714286, 0.3181818181818182, 1, 0
16171835, 0, 1, 0, 0, 0.8571428571428571, 0.0, 0.0, 0.14285714285714285, 0.1590909090909091, 1, 0
48048864, 1, 0, 0, 0, 0.0, 0.0, 0.0, 1.0, 0.25, 1, 0
35030076, 1, 0, 0, 0, 0.0, 0.0, 0.9, 0.1, 0.22727272727272727, 1, 0
